Name,Sex
Aamir,Male
Aaron,Male
Abagael,female
Abagail,female
Abbe,female
Abbey,female
Abbey,Male
Abbi,female
Abbie,female
Abbie,Male
Abbot,Male
Abbott,Male
Abby,female
Abby,Male
Abdel,Male
Abdul,Male
Abdulkarim,Male
Abdullah,Male
Abe,Male
Abel,Male
Abelard,Male
Abigael,female
Abigail,female
Abigale,female
Abner,Male
Abra,female
Abraham,Male
Abram,Male
Acacia,female
Ace,Male
Ada,female
Adah,female
Adair,Male
Adaline,female
Adam,Male
Adams,Male
Adara,female
Addie,Male
Addie,female
Addis,female
Adel,female
Adela,female
Adelaide,female
Adele,female
Adelice,female
Adelina,female
Adelind,female
Adeline,female
Adella,female
Adelle,female
Adena,female
Adey,female
Adger,Male
Adi,female
Adiana,female
Adina,female
Aditya,Male
Adlai,Male
Adnan,Male
Adolf,Male
Adolfo,Male
Adolph,Male
Adolphe,Male
Adolpho,Male
Adolphus,Male
Adora,female
Adore,female
Adoree,female
Adorne,female
Adrea,female
Adria,female
Adriaens,female
Adrian,Male
Adrian,female
Adriana,female
Adriane,female
Adrianna,female
Adrianne,female
Adrick,Male
Adrien,female
Adrien,Male
Adriena,female
Adrienne,female
Aeriel,female
Aeriela,female
Aeriell,female
Ag,female
Agace,female
Agamemnon,Male
Agata,female
Agatha,female
Agathe,female
Aggi,female
Aggie,female
Aggy,female
Agna,female
Agnella,female
Agnes,female
Agnese,female
Agnesse,female
Agneta,female
Agnola,female
Agretha,female
Aguinaldo,Male
Aguste,Male
Agustin,Male
Aharon,Male
Ahmad,Male
Ahmed,Male
Ahmet,Male
Aida,female
Aidan,female
Aigneis,female
Aila,female
Aile,female
Ailee,female
Aileen,female
Ailene,female
Ailey,female
Aili,female
Ailina,female
Ailyn,female
Aime,female
Aimee,female
Aimil,female
Aina,female
Aindrea,female
Ainslee,female
Ainsley,female
Ainslie,female
Ajai,Male
Ajay,Male
Ajay,female
Al,Male
Alaa,Male
Alain,Male
Alaine,female
Alameda,female
Alan,Male
Alana,female
Alanah,female
Alane,female
Alanna,female
Alasdair,Male
Alastair,Male
Alayne,female
Albatros,Male
Albert,Male
Alberta,female
Albertina,female
Albertine,female
Alberto,Male
Albina,female
Albrecht,Male
Alden,Male
Aldis,Male
Aldo,Male
Aldric,Male
Aldrich,Male
Aldus,Male
Aldwin,Male
Alec,Male
Alecia,female
Aleck,Male
Aleda,female
Aleece,female
Aleecia,female
Aleen,female
Alejandra,female
Alejandrina,female
Alejandro,Male
Aleks,Male
Aleksandrs,Male
Alena,female
Alene,female
Alessandra,female
Alessandro,Male
Aleta,female
Alethea,female
Alex,female
Alex,Male
Alexa,female
Alexander,Male
Alexandra,female
Alexandrina,female
Alexei,Male
Alexi,female
Alexia,female
Alexina,female
Alexine,female
Alexis,female
Alexis,Male
Alf,Male
Alfie,Male
Alfie,female
Alfonse,Male
Alfonso,Male
Alfonzo,Male
Alford,Male
Alfred,Male
Alfreda,female
Alfredo,Male
Algernon,Male
Ali,female
Ali,Male
Alia,female
Alic,Male
Alica,female
Alice,female
Alicea,female
Alicia,female
Alida,female
Alidia,female
Alina,female
Aline,female
Alis,female
Alisa,female
Alisha,female
Alison,female
Alissa,female
Alister,Male
Alisun,female
Alix,female
Alix,Male
Aliza,female
Alla,female
Allah,Male
Allan,Male
Alleen,female
Allegra,female
Allen,Male
Allene,female
Alley,Male
Alli,female
Allianora,female
Allie,female
Allie,Male
Allin,Male
Allina,female
Allis,female
Allison,female
Allissa,female
Allsun,female
Ally,female
Allyce,female
Allyn,Male
Allyn,female
Allys,female
Allyson,female
Alma,female
Almeda,female
Almeria,female
Almeta,female
Almira,female
Almire,female
Aloise,female
Aloisia,female
Alonso,Male
Alonzo,Male
Aloysia,female
Aloysius,Male
Alpa,female
Alphonse,Male
Alphonso,Male
Alston,Male
Alta,female
Althea,female
Alton,Male
Alvera,female
Alvin,Male
Alvina,female
Alvinia,female
Alvira,female
Alwin,Male
Alyce,female
Alyda,female
Alys,female
Alysa,female
Alyse,female
Alysia,female
Alyson,female
Alyss,female
Alyssa,female
Amabel,female
Amabelle,female
Amadeus,Male
Amalea,female
Amalee,female
Amaleta,female
Amalia,female
Amalie,female
Amalita,female
Amalle,female
Amanda,female
Amandi,female
Amandie,female
Amandy,female
Amara,female
Amargo,female
Amata,female
Amber,female
Amberly,female
Ambros,Male
Ambrose,Male
Ambrosi,Male
Ambrosia,female
Ambrosio,Male
Ambrosius,Male
Ambur,female
Ame,female
Amelia,female
Amelie,female
Amelina,female
Ameline,female
Amelita,female
Amery,Male
Ami,female
Amie,female
Amity,female
Ammamaria,female
Amory,Male
Amos,Male
Amy,female
Ana,female
Anabel,female
Anabella,female
Anabelle,female
Anais,female
Analiese,female
Analise,female
Anallese,female
Anallise,female
Anastasia,female
Anastasie,female
Anastassia,female
Anatol,Male
Anatola,female
Anatole,Male
Anatollo,Male
Anatoly,Male
Andee,female
Anders,Male
Andi,female
Andie,female
Andie,Male
Andonis,Male
Andra,female
Andre,Male
Andrea,Male
Andrea,female
Andreana,female
Andreas,Male
Andree,female
Andrei,female
Andrej,Male
Andres,Male
Andrew,Male
Andrey,Male
Andri,Male
Andria,female
Andriana,female
Andriette,female
Andromache,female
Andromeda,female
Andros,Male
Andrus,Male
Andrzej,Male
Andy,female
Andy,Male
Anestassia,female
Anet,female
Anett,female
Anetta,female
Anette,female
Ange,female
Angel,female
Angel,Male
Angela,female
Angele,female
Angelia,female
Angelica,female
Angelico,Male
Angelika,female
Angelina,female
Angeline,female
Angelique,female
Angelita,female
Angelle,female
Angelo,Male
Angie,female
Angie,Male
Angil,female
Angus,Male
Angy,female
Ania,female
Anica,female
Anissa,female
Anita,female
Anitra,female
Anja,female
Anjanette,female
Anjela,female
Ann,female
Ann-Mari,female
Ann-Marie,female
Anna,female
Anna-Diana,female
Anna-Diane,female
Anna-Maria,female
Annabal,female
Annabel,female
Annabela,female
Annabell,female
Annabella,female
Annabelle,female
Annadiana,female
Annadiane,female
Annalee,female
Annalena,female
Annaliese,female
Annalisa,female
Annalise,female
Annalyse,female
Annamari,female
Annamaria,female
Annamarie,female
Anne,female
Anne-Corinne,female
Anne-Mar,female
Anne-Marie,female
Annecorinne,female
Anneliese,female
Annelise,female
Annemarie,female
Annetta,female
Annette,female
Anni,female
Annice,female
Annie,female
Annissa,female
Annmaria,female
Annmarie,female
Annnora,female
Annora,female
Anny,female
Ansel,Male
Ansell,Male
Anselm,Male
Anselma,female
Ansley,female
Anson,Male
Anstice,female
Anthe,female
Anthea,female
Anthia,female
Anthony,Male
Antin,Male
Antoine,Male
Antoinette,female
Anton,Male
Antone,Male
Antonella,female
Antonetta,female
Antoni,Male
Antonia,female
Antonie,female
Antonietta,female
Antonin,Male
Antonina,female
Antonino,Male
Antonio,Male
Antonius,Male
Antony,Male
Anurag,Male
Anya,female
Aphrodite,female
Apollo,Male
Apostolos,Male
Appolonia,female
April,female
Aprilette,female
Ara,female
Arabel,female
Arabela,female
Arabele,female
Arabella,female
Arabelle,female
Aram,Male
Archibald,Male
Archibold,Male
Archie,Male
Archon,Male
Archy,Male
Arda,female
Ardath,female
Ardeen,female
Ardelia,female
Ardelis,female
Ardella,female
Ardelle,female
Arden,female
Ardene,female
Ardenia,female
Ardine,female
Ardis,female
Ardith,female
Ardra,female
Ardyce,female
Ardys,female
Ardyth,female
Arel,Male
Aretha,female
Ari,Male
Ariadne,female
Ariana,female
Arianne,female
Aridatha,female
Arie,Male
Ariel,female
Ariel,Male
Ariela,female
Ariella,female
Arielle,female
Aristotle,Male
Arlana,female
Arlee,female
Arleen,female
Arlen,female
Arlena,female
Arlene,female
Arleta,female
Arlette,female
Arleyne,female
Arlie,female
Arliene,female
Arlina,female
Arlinda,female
Arline,female
Arlo,Male
Arly,female
Arlyn,female
Arlyne,female
Armand,Male
Armando,Male
Armond,Male
Armstrong,Male
Arne,Male
Arnie,Male
Arnold,Male
Arnoldo,Male
Aron,Male
Arron,Male
Art,Male
Arther,Male
Arthur,Male
Artie,Male
Artur,Male
Arturo,Male
Arvie,Male
Arvin,Male
Arvind,Male
Arvy,Male
Aryn,female
Ash,Male
Ashby,Male
Ashely,female
Ashish,Male
Ashlee,female
Ashleigh,female
Ashlen,female
Ashley,female
Ashley,Male
Ashli,female
Ashlie,female
Ashly,female
Ashton,Male
Asia,female
Astra,female
Astrid,female
Astrix,female
Atalanta,female
Athena,female
Athene,female
Atlanta,female
Atlante,female
Aub,Male
Aube,Male
Aubert,Male
Auberta,female
Aubine,female
Aubree,female
Aubrette,female
Aubrey,female
Aubrey,Male
Aubrie,female
Aubry,female
Audi,female
Audie,female
Audra,female
Audre,female
Audrey,female
Audrie,female
Audry,female
Audrye,female
Audy,female
Augie,Male
August,Male
Augusta,female
Auguste,female
Augustin,Male
Augustina,female
Augustine,female
Augustine,Male
Augusto,Male
Augustus,Male
Aura,female
Aurea,female
Aurel,female
Aurelea,female
Aurelia,female
Aurelie,female
Auria,female
Aurie,female
Aurilia,female
Aurlie,female
Auroora,female
Aurora,female
Aurore,female
Austen,Male
Austin,Male
Austin,female
Austina,female
Austine,female
Ava,female
Ave,Male
Aveline,female
Averell,Male
Averil,Male
Averil,female
Averill,Male
Avery,Male
Averyl,female
Avi,Male
Avie,female
Avis,female
Aviva,female
Avivah,female
Avraham,Male
Avram,Male
Avril,female
Avrit,female
Avrom,Male
Axel,Male
Aylmer,Male
Ayn,female
Aziz,Male
Bab,female
Babara,female
Babette,female
Babita,female
Babs,female
Bailey,Male
Bailie,Male
Baillie,Male
Baily,Male
Baird,Male
Baldwin,Male
Bambi,female
Bambie,female
Bamby,female
Bancroft,Male
Barb,female
Barbabas,Male
Barbabra,female
Barbara,female
Barbara-Anne,female
Barbaraanne,female
Barbe,female
Barbee,female
Barbette,female
Barbey,female
Barbi,female
Barbie,female
Barbra,female
Barby,female
Barclay,Male
Bard,Male
Barde,Male
Bari,female
Barn,Male
Barnabas,Male
Barnabe,Male
Barnaby,Male
Barnard,Male
Barnebas,Male
Barnett,Male
Barney,Male
Barnie,Male
Barny,Male
Baron,Male
Barr,Male
Barret,Male
Barrett,Male
Barri,Male
Barrie,female
Barrie,Male
Barris,Male
Barron,Male
Barry,Male
Barry,female
Bart,Male
Bartel,Male
Barth,Male
Barthel,Male
Bartholemy,Male
Bartholomeo,Male
Bartholomeus,Male
Bartholomew,Male
Bartie,Male
Bartlet,Male
Bartlett,Male
Bartolemo,Male
Bartolomei,Male
Bartolomeo,Male
Barton,Male
Barty,Male
Bary,Male
Basia,female
Basil,Male
Batholomew,Male
Bathsheba,female
Batsheva,female
Baxter,Male
Bay,Male
Bayard,Male
Bea,female
Beale,Male
Bealle,Male
Bear,Male
Bearnard,Male
Beatrice,female
Beatrisa,female
Beatrix,female
Beatriz,female
Beau,Male
Beau,female
Beaufort,Male
Beauregard,Male
Bebe,female
Becca,female
Beck,Male
Becka,female
Becki,female
Beckie,female
Becky,female
Bee,female
Beilul,female
Beitris,female
Bekki,female
Bel,female
Bela,Male
Belia,female
Belicia,female
Belinda,female
Belita,female
Bell,female
Bella,female
Bellamy,female
Bellanca,female
Belle,female
Bellina,female
Belva,female
Belvia,female
Ben,Male
Bendite,female
Benedetta,female
Benedict,Male
Benedicta,female
Benedikta,female
Benetta,female
Bengt,Male
Benita,female
Benito,Male
Benjamen,Male
Benjamin,Male
Benji,Male
Benjie,Male
Benjy,Male
Benn,Male
Bennet,Male
Bennett,Male
Benni,female
Bennie,female
Bennie,Male
Benny,female
Benny,Male
Benoite,female
Benson,Male
Bentley,Male
Benton,Male
Beowulf,Male
Berchtold,Male
Berenice,female
Beret,female
Berget,female
Berk,Male
Berke,Male
Berkeley,Male
Berkie,Male
Berkley,Male
Berna,female
Bernadene,female
Bernadette,female
Bernadina,female
Bernadine,female
Bernard,Male
Bernardina,female
Bernardine,female
Bernardo,Male
Bernd,Male
Bernelle,female
Bernete,female
Bernetta,female
Bernette,female
Bernhard,Male
Berni,female
Bernice,female
Bernie,female
Bernie,Male
Bernita,female
Berny,female
Berri,female
Berrie,female
Berry,female
Bert,Male
Bert,female
Berta,female
Berte,female
Bertha,female
Berthe,female
Berti,female
Bertie,female
Bertie,Male
Bertina,female
Bertine,female
Bertram,Male
Bertrand,Male
Berty,female
Beryl,female
Beryle,female
Bess,female
Bessie,female
Bessy,female
Beth,female
Bethanne,female
Bethany,female
Bethena,female
Bethina,female
Betsey,female
Betsy,female
Betta,female
Bette,female
Bette-Ann,female
Betteann,female
Betteanne,female
Betti,female
Bettie,female
Bettina,female
Bettine,female
Betty,female
Bettye,female
Beulah,female
Bev,female
Beverie,female
Beverlee,female
Beverlie,female
Beverly,female
Bevvy,female
Bharat,Male
Bianca,female
Bianka,female
Biddy,female
Bidget,female
Biff,Male
Bill,female
Bill,Male
Billi,female
Billie,female
Billie,Male
Billy,female
Billy,Male
Bing,Male
Binky,Male
Binni,female
Binnie,female
Binny,female
Bird,female
Birdie,female
Birgit,female
Birgitta,female
Bishop,Male
Bjorn,Male
Bjorne,Male
Blaine,Male
Blair,female
Blair,Male
Blaire,female
Blake,Male
Blake,female
Blakelee,female
Blakeley,female
Blanca,female
Blanch,female
Blancha,female
Blanche,female
Blare,Male
Blayne,Male
Blinni,female
Blinnie,female
Blinny,female
Bliss,female
Blisse,female
Blithe,female
Blondell,female
Blondelle,female
Blondie,female
Blondy,female
Blythe,female
Bo,female
Bo,Male
Bob,Male
Bobbette,female
Bobbi,female
Bobbie,female
Bobbie,Male
Bobby,Male
Bobby,female
Bobette,female
Bobina,female
Bobine,female
Bobinette,female
Bogart,Male
Bogdan,Male
Boniface,Male
Bonita,female
Bonnee,female
Bonni,female
Bonnie,female
Bonny,female
Boris,Male
Boyce,Male
Boyd,Male
Brad,Male
Braden,Male
Bradford,Male
Bradley,Male
Bradly,Male
Brady,Male
Brana,female
Brandais,female
Brande,female
Brandea,female
Brandi,female
Brandice,female
Brandie,female
Brandise,female
Brandon,Male
Brandy,female
Brandy,Male
Brant,Male
Brea,female
Breanne,female
Brear,female
Bree,female
Breena,female
Bren,female
Brena,female
Brenda,female
Brendan,Male
Brenn,female
Brenna,female
Brent,Male
Bret,Male
Brett,female
Brett,Male
Brewer,Male
Brewster,Male
Bria,female
Brian,Male
Briana,female
Brianna,female
Brianne,female
Brice,Male
Bride,female
Bridget,female
Bridgett,female
Bridgette,female
Bridie,female
Brier,female
Brietta,female
Briggs,Male
Brigid,female
Brigida,female
Brigit,female
Brigitta,female
Brigitte,female
Brina,female
Briney,female
Brinkley,Male
Briny,female
Brit,female
Brita,female
Britaney,female
Britani,female
Briteny,female
Britney,female
Britni,female
Britt,Male
Britt,female
Britta,female
Brittan,female
Brittany,female
Britte,female
Brittney,female
Brock,Male
Broddie,Male
Broddy,Male
Broderic,Male
Broderick,Male
Brodie,Male
Brody,Male
Bronson,Male
Brook,Male
Brook,female
Brooke,female
Brooke,Male
Brooks,Male
Brooks,female
Bruce,Male
Brunella,female
Brunhilda,female
Brunhilde,female
Bruno,Male
Bryan,Male
Bryana,female
Bryant,Male
Bryce,Male
Bryn,Male
Bryn,female
Bryna,female
Brynn,female
Brynna,female
Brynne,female
Bryon,Male
Bubba,Male
Buck,Male
Bucky,Male
Bud,Male
Buddy,Male
Buffy,female
Bunni,female
Bunnie,female
Bunny,female
Burgess,Male
Burke,Male
Burl,Male
Burnaby,Male
Burt,Male
Burta,female
Burton,Male
Buster,Male
Butch,Male
Butler,Male
Byram,Male
Byron,Male
Cabrina,female
Cacilia,female
Cacilie,female
Caesar,Male
Cain,Male
Caitlin,female
Caitrin,female
Cal,Male
Cal,female
Caldwell,Male
Caleb,Male
Calhoun,Male
Calida,female
Calla,female
Calley,female
Calli,female
Callida,female
Callie,female
Cally,female
Calvin,Male
Calypso,female
Cam,Male
Cam,female
Camala,female
Camel,female
Camella,female
Camellia,female
Cameo,female
Cameron,Male
Cami,female
Camila,female
Camile,female
Camilla,female
Camille,female
Cammi,female
Cammie,female
Cammy,female
Cammy,Male
Canada,female
Candace,female
Candi,female
Candice,female
Candida,female
Candide,female
Candie,female
Candis,female
Candra,female
Candy,female
Cappella,female
Caprice,female
Cara,female
Caralie,female
Caren,female
Carena,female
Caresa,female
Caressa,female
Caresse,female
Carey,Male
Carey,female
Cari,female
Caria,female
Carie,female
Caril,female
Carilyn,female
Carin,female
Carina,female
Carine,female
Cariotta,female
Carissa,female
Carita,female
Caritta,female
Carl,Male
Carla,female
Carlee,female
Carleen,female
Carleigh,Male
Carlen,female
Carlena,female
Carlene,female
Carley,female
Carli,female
Carlie,Male
Carlie,female
Carlin,Male
Carlin,female
Carlina,female
Carline,female
Carlisle,female
Carlita,female
Carlo,Male
Carlos,Male
Carlota,female
Carlotta,female
Carlton,Male
Carly,female
Carlye,female
Carlyle,Male
Carlyn,female
Carlynn,female
Carlynne,female
Carma,female
Carmel,female
Carmela,female
Carmelia,female
Carmelina,female
Carmelita,female
Carmella,female
Carmelle,female
Carmen,female
Carmina,female
Carmine,female
Carmine,Male
Carmita,female
Carmon,female
Caro,female
Carol,female
Carol-Jean,female
Carola,female
Carolan,female
Carolann,female
Carole,female
Carolee,female
Caroleen,female
Carolie,female
Carolin,female
Carolina,female
Caroline,female
Caroljean,female
Carolyn,female
Carolyne,female
Carolynn,female
Caron,female
Carree,female
Carri,female
Carrie,female
Carrissa,female
Carrol,female
Carroll,female
Carroll,Male
Carry,female
Carson,Male
Carsten,Male
Carter,Male
Cary,Male
Cary,female
Caryl,Male
Caryl,female
Caryn,female
Casandra,female
Case,Male
Casey,Male
Casey,female
Casi,female
Casia,female
Casie,female
Caspar,Male
Casper,Male
Cass,Male
Cass,female
Cassandra,female
Cassandre,female
Cassandry,female
Cassaundra,female
Cassey,female
Cassi,female
Cassie,female
Cassondra,female
Cassy,female
Cat,Male
Cat,female
Catarina,female
Cate,female
Caterina,female
Catha,female
Catharina,female
Catharine,female
Cathe,female
Cathee,female
Catherin,female
Catherina,female
Catherine,female
Cathi,female
Cathie,female
Cathleen,female
Cathlene,female
Cathrin,female
Cathrine,female
Cathryn,female
Cathy,female
Cathyleen,female
Cati,female
Catie,female
Catina,female
Catlaina,female
Catlee,female
Catlin,female
Catrina,female
Catriona,female
Caty,female
Cayla,female
Cecelia,female
Cecil,Male
Cecil,female
Cecile,female
Ceciley,female
Cecilia,female
Cecilla,female
Cecily,female
Ceil,female
Cele,female
Celene,female
Celesta,female
Celeste,female
Celestia,female
Celestina,female
Celestine,female
Celestyn,female
Celestyna,female
Celia,female
Celie,female
Celina,female
Celinda,female
Celine,female
Celinka,female
Celisse,female
Celle,female
Cesar,Male
Cesya,female
Chad,female
Chad,Male
Chadd,Male
Chaddie,Male
Chaddy,Male
Chadwick,Male
Chaim,Male
Chalmers,Male
Chan,Male
Chance,Male
Chancey,Male
Chanda,female
Chandal,female
Chanderjit,Male
Chandler,Male
Chandra,female
Chane,Male
Channa,female
Chantal,female
Chantalle,female
Charil,female
Charin,female
Chariot,Male
Charis,female
Charissa,female
Charisse,female
Charita,female
Charity,female
Charla,female
Charlean,female
Charleen,female
Charlena,female
Charlene,female
Charles,Male
Charleton,Male
Charley,Male
Charlie,Male
Charline,female
Charlot,female
Charlott,female
Charlotta,female
Charlotte,female
Charlton,Male
Charmain,female
Charmaine,female
Charmane,female
Charmian,female
Charmine,female
Charmion,female
Charo,female
Charyl,female
Chas,Male
Chase,Male
Chastity,female
Chaunce,Male
Chauncey,Male
Che,Male
Chelsae,female
Chelsea,female
Chelsey,female
Chelsie,female
Chelsy,female
Chelton,Male
Chen,Male
Cher,female
Chere,female
Cherey,female
Cheri,female
Cherianne,female
Cherice,female
Cherida,female
Cherie,female
Cherilyn,female
Cherilynn,female
Cherin,female
Cherise,female
Cherish,female
Cherlyn,female
Cherri,female
Cherrita,female
Cherry,female
Chery,female
Cherye,female
Cheryl,female
Cheslie,female
Chester,Male
Cheston,Male
Chet,Male
Chev,Male
Chevalier,Male
Chevy,Male
Chiarra,female
Chickie,female
Chicky,female
Chip,Male
Chiquita,female
Chloe,female
Chloette,female
Chloris,female
Chris,female
Chris,Male
Chriss,female
Chrissa,female
Chrissie,female
Chrissy,female
Chrissy,Male
Christ,Male
Christa,female
Christabel,female
Christabella,female
Christabelle,female
Christal,female
Christalle,female
Christan,female
Christean,female
Christel,female
Christen,female
Christi,female
Christian,Male
Christian,female
Christiana,female
Christiane,female
Christiano,Male
Christie,female
Christie,Male
Christin,female
Christina,female
Christine,female
Christof,Male
Christofer,Male
Christoph,Male
Christophe,Male
Christopher,Male
Christorpher,Male
Christos,Male
Christy,female
Christy,Male
Christyna,female
Chrisy,Male
Chrysa,female
Chrysler,female
Chrystal,female
Chryste,female
Chrystel,female
Chuck,Male
Churchill,Male
Ciara,female
Cicely,female
Cicily,female
Ciel,female
Cilka,female
Cinda,female
Cindee,female
Cindelyn,female
Cinderella,female
Cindi,female
Cindie,female
Cindra,female
Cindy,female
Cinnamon,female
Cissie,female
Cissy,female
Clair,female
Clair,Male
Claire,Male
Claire,female
Clancy,Male
Clara,female
Clarabelle,female
Clarance,Male
Clare,Male
Clare,female
Clarence,Male
Claresta,female
Clareta,female
Claretta,female
Clarette,female
Clarey,female
Clari,female
Claribel,female
Clarice,female
Clarie,female
Clarinda,female
Clarine,female
Clarisa,female
Clarissa,female
Clarisse,female
Clarita,female
Clark,Male
Clarke,Male
Clary,female
Claude,female
Claude,Male
Claudelle,female
Claudetta,female
Claudette,female
Claudia,female
Claudie,female
Claudina,female
Claudine,female
Claudio,Male
Claudius,Male
Claus,Male
Clay,Male
Clayborn,Male
Clayborne,Male
Claybourne,Male
Clayton,Male
Clea,female
Cleland,Male
Clem,Male
Clem,female
Clemence,female
Clemens,Male
Clement,Male
Clemente,Male
Clementia,female
Clementina,female
Clementine,female
Clemmie,Male
Clemmie,female
Clemmy,female
Cleo,female
Cleopatra,female
Clerissa,female
Cletus,Male
Cleva,female
Cleveland,Male
Cliff,Male
Clifford,Male
Clifton,Male
Clint,Male
Clinten,Male
Clinton,Male
Clio,female
Clive,Male
Clo,female
Cloe,female
Cloris,female
Clotilda,female
Clovis,female
Clyde,Male
Cob,Male
Cobb,Male
Cobbie,Male
Cobby,Male
Codee,female
Codi,female
Codie,female
Cody,Male
Cody,female
Colbert,Male
Cole,Male
Coleen,female
Coleman,Male
Colene,female
Coletta,female
Colette,female
Colin,Male
Colleen,female
Collete,female
Collette,female
Collie,female
Collin,Male
Colline,female
Collins,Male
Colly,female
Con,female
Conan,Male
Concettina,female
Conchita,female
Concordia,female
Conney,female
Conni,female
Connie,Male
Connie,female
Connolly,Male
Connor,Male
Conny,female
Conrad,Male
Conroy,Male
Consolata,female
Constance,female
Constancia,female
Constancy,female
Constanta,female
Constantia,female
Constantin,Male
Constantina,female
Constantine,female
Constantine,Male
Constantinos,Male
Consuela,female
Consuelo,female
Conway,Male
Cookie,female
Cooper,Male
Cora,female
Corabel,female
Corabella,female
Corabelle,female
Coral,female
Coralie,female
Coraline,female
Coralyn,female
Corbin,Male
Corby,Male
Cordelia,female
Cordelie,female
Cordey,female
Cordie,female
Cordula,female
Cordy,female
Coreen,female
Corella,female
Corena,female
Corenda,female
Corene,female
Coretta,female
Corette,female
Corey,female
Corey,Male
Cori,female
Corie,female
Corilla,female
Corina,female
Corine,female
Corinna,female
Corinne,female
Coriss,female
Corissa,female
Corky,Male
Corliss,female
Corly,female
Cornela,female
Cornelia,female
Cornelius,Male
Cornelle,female
Cornellis,Male
Cornie,female
Corny,female
Correna,female
Correy,female
Corri,female
Corrianne,female
Corrie,female
Corrie,Male
Corrina,female
Corrine,female
Corrinne,female
Corry,female
Cortese,Male
Cortney,female
Corwin,Male
Cory,Male
Cory,female
Cosetta,female
Cosette,female
Cosmo,Male
Costa,Male
Courtenay,female
Courtney,female
Courtney,Male
Craig,Male
Crawford,Male
Creighton,Male
Cresa,female
Cris,female
Cris,Male
Crissie,female
Crissy,female
Crista,female
Cristabel,female
Cristal,female
Cristen,female
Cristi,female
Cristie,female
Cristin,female
Cristina,female
Cristine,female
Cristionna,female
Cristopher,Male
Cristy,female
Crysta,female
Crystal,female
Crystie,female
Curt,Male
Curtice,Male
Curtis,Male
Cy,Male
Cyb,female
Cybal,female
Cybel,female
Cybelle,female
Cybil,female
Cybill,female
Cyndi,female
Cyndy,female
Cynthea,female
Cynthia,female
Cynthie,female
Cynthy,female
Cyril,Male
Cyrill,Male
Cyrille,Male
Cyrillus,Male
Cyrus,Male
Dabney,Male
Dacey,female
Dacia,female
Dacie,female
Dacy,female
Dael,female
Daffi,female
Daffie,female
Daffy,Male
Daffy,female
Dafna,female
Dagmar,female
Dahlia,female
Daile,female
Daisey,female
Daisi,female
Daisie,female
Daisy,female
Dale,female
Dale,Male
Dalenna,female
Dalia,female
Dalila,female
Dallas,female
Dallas,Male
Daloris,female
Dalton,Male
Damara,female
Damaris,female
Damian,Male
Damien,Male
Damita,female
Damon,Male
Dan,Male
Dana,female
Dana,Male
Dane,Male
Danell,female
Danella,female
Danelle,female
Danette,female
Dani,Male
Dani,female
Dania,female
Danica,female
Danice,female
Danie,Male
Daniel,Male
Daniel,female
Daniela,female
Daniele,female
Daniella,female
Danielle,female
Danika,female
Danila,female
Danit,female
Danita,female
Danna,female
Danni,female
Dannie,female
Dannie,Male
Danny,Male
Danny,female
Dannye,female
Dante,Male
Danya,female
Danyelle,female
Danyette,female
Daphene,female
Daphna,female
Daphne,female
Dara,female
Darb,female
Darbie,female
Darby,female
Darby,Male
Darcee,female
Darcey,female
Darci,female
Darcie,female
Darcy,female
Darcy,Male
Darda,female
Dareen,female
Darell,female
Darelle,female
Daren,Male
Dari,female
Daria,female
Darian,Male
Darice,female
Darien,Male
Darin,Male
Dario,Male
Darius,Male
Darla,female
Darleen,female
Darlene,female
Darline,female
Darrel,Male
Darrell,Male
Darren,Male
Darrick,Male
Darrin,Male
Darryl,female
Darryl,Male
Darsey,female
Darsie,female
Darth,Male
Darwin,Male
Darya,female
Daryl,Male
Daryl,female
Daryle,Male
Daryn,female
Dasha,female
Dasi,female
Dasie,female
Dasya,female
Datha,female
Daune,female
Dave,Male
Daveen,female
Daveta,female
Davey,Male
David,Male
Davida,female
Davidde,Male
Davide,Male
Davidson,Male
Davie,Male
Davin,Male
Davina,female
Davine,female
Davis,Male
Davita,female
Davon,Male
Davoud,Male
Davy,Male
Dawn,female
Dawna,female
Dawson,Male
Dayle,female
Dayna,female
Dea,female
Dean,Male
Deana,female
Deane,Male
Deane,female
Deanna,female
Deanne,female
Deb,female
Debbi,female
Debbie,female
Debbra,female
Debby,female
Debee,female
Debera,female
Debi,female
Debor,female
Debora,female
Deborah,female
Debra,female
Dede,female
Dedie,female
Dedra,female
Dee,female
Dee Dee,female
Deeann,female
Deeanne,female
Deedee,female
Deena,female
Deerdre,female
Dehlia,female
Deidre,female
Deina,female
Deirdre,female
Del,Male
Del,female
Dela,female
Delaney,female
Delbert,Male
Delcina,female
Delcine,female
Delia,female
Delila,female
Delilah,female
Delinda,female
Dell,Male
Dell,female
Della,female
Delly,female
Delmar,Male
Delora,female
Delores,female
Deloria,female
Deloris,female
Delphina,female
Delphine,female
Delphinia,female
Demeter,female
Demetra,female
Demetre,Male
Demetri,Male
Demetria,female
Demetris,Male
Demetris,female
Demetrius,Male
Demosthenis,Male
Dena,female
Deni,female
Denice,female
Denis,Male
Denise,female
Denna,female
Denni,female
Dennie,Male
Dennie,female
Dennis,Male
Denny,female
Denny,Male
Deny,female
Denys,female
Denyse,female
Deonne,female
Derby,Male
Derek,Male
Derick,Male
Derk,Male
Derrek,Male
Derrick,Male
Derrin,Male
Derrol,Male
Derron,Male
Deryl,Male
Desaree,female
Desdemona,female
Desirae,female
Desiree,female
Desiri,female
Desmond,Male
Desmund,Male
Deva,female
Devan,female
Devi,female
Devin,female
Devin,Male
Devina,female
Devinne,female
Devon,Male
Devon,female
Devondra,female
Devonna,female
Devonne,female
Devora,female
Dew,female
Dewey,Male
Dewitt,Male
Dexter,Male
Di,female
Diahann,female
Diamond,female
Dian,female
Diana,female
Diandra,female
Diane,female
Diane-Marie,female
Dianemarie,female
Diann,female
Dianna,female
Dianne,female
Diannne,female
Dick,Male
Dickey,Male
Dickie,Male
Didi,female
Dido,female
Diego,Male
Diena,female
Dierdre,female
Dieter,Male
Dietrich,Male
Dillon,Male
Dimitri,Male
Dimitrios,Male
Dimitris,Male
Dimitrou,Male
Dimitry,Male
Dina,female
Dinah,female
Dinnie,female
Dinny,female
Dino,Male
Dion,female
Dion,Male
Dione,female
Dionis,Male
Dionis,female
Dionne,female
Dionysus,Male
Dirk,Male
Dita,female
Dix,female
Dixie,female
Dmitri,Male
Dode,female
Dodi,female
Dodie,female
Dody,female
Doe,female
Doll,female
Dolley,female
Dolli,female
Dollie,female
Dolly,female
Dolora,female
Dolores,female
Dolorita,female
Doloritas,female
Dom,Male
Domenic,Male
Domenico,Male
Dominic,Male
Dominica,female
Dominick,Male
Dominique,Male
Dominique,female
Don,Male
Dona,female
Donal,Male
Donald,Male
Donella,female
Donelle,female
Donetta,female
Donia,female
Donica,female
Donielle,female
Donn,Male
Donna,female
Donnajean,female
Donnamarie,female
Donni,female
Donnie,Male
Donnie,female
Donny,Male
Donny,female
Donovan,Male
Dora,female
Doralia,female
Doralin,female
Doralyn,female
Doralynn,female
Doralynne,female
Dorcas,female
Dore,female
Doreen,female
Dorelia,female
Dorella,female
Dorelle,female
Dorena,female
Dorene,female
Doretta,female
Dorette,female
Dorey,female
Dori,female
Doria,female
Dorian,female
Dorian,Male
Dorice,female
Dorie,female
Dorine,female
Doris,female
Dorisa,female
Dorise,female
Dorit,female
Dorita,female
Doro,female
Dorolice,female
Dorolisa,female
Dorotea,female
Doroteya,female
Dorothea,female
Dorothee,female
Dorothy,female
Dorree,female
Dorri,female
Dorrie,female
Dorris,female
Dorry,female
Dorthea,female
Dorthy,female
Dory,Male
Dory,female
Dosi,female
Dot,female
Doti,female
Dotti,female
Dottie,female
Dotty,female
Doug,Male
Douggie,Male
Dougie,Male
Douglas,Male
Douglass,Male
Douglis,Male
Dov,Male
Dove,female
Doyle,Male
Drake,Male
Drea,female
Drew,female
Drew,Male
Dru,Male
Dryke,Male
Duane,Male
Dudley,Male
Duffie,Male
Duffy,Male
Dugan,Male
Duke,Male
Dulce,female
Dulcea,female
Dulci,female
Dulcia,female
Dulciana,female
Dulcie,female
Dulcine,female
Dulcinea,female
Dulcy,female
Dulsea,female
Dunc,Male
Duncan,Male
Dunstan,Male
Durand,Male
Durant,Male
Durante,Male
Durward,Male
Dustin,Male
Dusty,female
Dwain,Male
Dwaine,Male
Dwane,Male
Dwayne,Male
Dwight,Male
Dyan,female
Dyana,female
Dyane,female
Dyann,female
Dyanna,female
Dyanne,female
Dylan,Male
Dyna,female
Dynah,female
Dyson,Male
E'Lane,female
Eada,female
Eadie,female
Eadith,female
Ealasaid,female
Earl,Male
Earle,Male
Eartha,female
Easter,female
Easton,Male
Eba,female
Ebba,female
Eben,Male
Ebeneser,Male
Ebenezer,Male
Eberhard,Male
Ebonee,female
Ebony,female
Ed,Male
Eda,female
Eddi,female
Eddie,female
Eddie,Male
Eddy,Male
Eddy,female
Ede,female
Edee,female
Edeline,female
Eden,female
Edgar,Male
Edgardo,Male
Edi,female
Edie,female
Edie,Male
Edin,female
Edita,female
Edith,female
Editha,female
Edithe,female
Ediva,female
Edmond,Male
Edmund,Male
Edna,female
Edouard,Male
Edsel,Male
Eduard,Male
Eduardo,Male
Edward,Male
Edwin,Male
Edwina,female
Edy,female
Edyth,female
Edythe,female
Effie,female
Efram,Male
Egbert,Male
Ehud,Male
Eileen,female
Eilis,female
Eimile,female
Eirena,female
Ekaterina,female
Elaina,female
Elaine,female
Elana,female
Elane,female
Elayne,female
Elbert,Male
Elberta,female
Elbertina,female
Elbertine,female
Elden,Male
Eldon,Male
Eleanor,female
Eleanora,female
Eleanore,female
Electra,female
Elena,female
Elene,female
Eleni,female
Elenore,female
Eleonora,female
Eleonore,female
Elfie,female
Elfreda,female
Elfrida,female
Elfrieda,female
Elga,female
Eli,Male
Elianora,female
Elianore,female
Elias,Male
Elicia,female
Elie,female
Elihu,Male
Elijah,Male
Elinor,female
Elinore,female
Eliot,Male
Eliott,Male
Elisa,female
Elisabet,female
Elisabeth,female
Elisabetta,female
Elise,female
Elisha,Male
Elisha,female
Elissa,female
Elita,female
Eliza,female
Elizabet,female
Elizabeth,female
Elka,female
Elke,female
Ella,female
Elladine,female
Elle,female
Ellen,female
Ellene,female
Ellette,female
Elli,female
Ellie,female
Elliot,Male
Elliott,Male
Ellis,Male
Ellissa,female
Ellsworth,Male
Ellwood,Male
Elly,female
Ellyn,female
Ellynn,female
Elmer,Male
Elmira,female
Elmore,Male
Elna,female
Elnar,Male
Elnora,female
Elnore,female
Eloisa,female
Eloise,female
Elonore,female
Elora,female
Elric,Male
Elroy,Male
Elsa,female
Elsbeth,female
Else,female
Elsey,female
Elsi,female
Elsie,female
Elsinore,female
Elspeth,female
Elsy,female
Elton,Male
Elva,female
Elvera,female
Elvin,Male
Elvina,female
Elvira,female
Elvis,Male
Elwin,Male
Elwina,female
Elwira,female
Elwood,Male
Elwyn,Male
Ely,Male
Elyn,female
Elyse,female
Elysee,female
Elysha,female
Elysia,female
Elyssa,female
Em,female
Ema,female
Emalee,female
Emalia,female
Emanuel,Male
Emanuela,female
Emelda,female
Emelia,female
Emelina,female
Emeline,female
Emelita,female
Emelyne,female
Emera,female
Emerson,Male
Emery,Male
Emil,Male
Emile,Male
Emilee,female
Emili,female
Emilia,female
Emilie,female
Emiline,female
Emilio,Male
Emily,female
Emlyn,female
Emlynn,female
Emlynne,female
Emma,female
Emmalee,female
Emmaline,female
Emmalyn,female
Emmalynn,female
Emmalynne,female
Emmanuel,Male
Emmeline,female
Emmery,Male
Emmet,Male
Emmett,Male
Emmey,female
Emmi,female
Emmie,female
Emmit,Male
Emmott,Male
Emmy,Male
Emmy,female
Emmye,female
Emogene,female
Emory,Male
Emyle,female
Emylee,female
Ender,Male
Endora,female
Engelbart,Male
Engelbert,Male
Englebart,Male
Englebert,Male
Engracia,female
Enid,female
Enoch,Male
Enrica,female
Enrichetta,female
Enrico,Male
Enrika,female
Enrique,Male
Enriqueta,female
Enya,female
Eolanda,female
Eolande,female
Ephraim,Male
Ephram,Male
Ephrayim,Male
Ephrem,Male
Er,Male
Eran,female
Erasmus,Male
Erastus,Male
Erda,female
Erek,Male
Erena,female
Erhard,Male
Erhart,Male
Eric,Male
Erica,female
Erich,Male
Ericha,female
Erick,Male
Ericka,female
Erik,Male
Erika,female
Erin,Male
Erin,female
Erina,female
Erinn,female
Erinna,female
Erl,Male
Erma,female
Ermengarde,female
Ermentrude,female
Ermina,female
Erminia,female
Erminie,female
Erna,female
Ernaline,female
Ernest,Male
Ernesta,female
Ernestine,female
Ernesto,Male
Ernie,Male
Ernst,Male
Erny,Male
Errol,Male
Ertha,female
Ervin,Male
Erwin,Male
Eryn,female
Esau,Male
Esma,female
Esmaria,female
Esme,female
Esme,Male
Esmeralda,female
Esmerelda,female
Essa,female
Essie,female
Essy,female
Esta,female
Esteban,Male
Estel,female
Estele,female
Estell,female
Estella,female
Estelle,female
Ester,female
Esther,female
Estrella,female
Estrellita,female
Ethan,Male
Ethel,female
Ethelbert,Male
Ethelda,female
Ethelin,female
Ethelind,female
Etheline,female
Ethelred,Male
Ethelyn,female
Ethyl,female
Etienne,Male
Etta,female
Etti,female
Ettie,female
Etty,female
Euclid,Male
Eudora,female
Eugen,Male
Eugene,Male
Eugenia,female
Eugenie,female
Eugine,female
Eula,female
Eulalie,female
Eunice,female
Euphemia,female
Eustace,Male
Eustacia,female
Ev,Male
Eva,female
Evaleen,female
Evan,Male
Evangelia,female
Evangelin,female
Evangelina,female
Evangeline,female
Evania,female
Evanne,female
Eve,female
Eveleen,female
Evelina,female
Eveline,female
Evelyn,Male
Evelyn,female
Everard,Male
Everett,Male
Evette,female
Evey,female
Evie,female
Evita,female
Evonne,female
Evvie,female
Evvy,female
Evy,female
Ewan,Male
Ewart,Male
Eyde,female
Eydie,female
Ez,Male
Ezechiel,Male
Ezekiel,Male
Ezra,Male
Fabian,Male
Fabio,Male
Fabrianne,female
Fabrice,female
Fae,female
Faina,female
Fairfax,Male
Faith,female
Fallon,female
Fan,female
Fanchette,female
Fanchon,female
Fancie,female
Fancy,female
Fanechka,female
Fania,female
Fanni,female
Fannie,female
Fanny,female
Fanya,female
Fara,female
Farah,female
Farand,female
Farica,female
Farley,Male
Farra,female
Farrah,female
Farrand,female
Fatima,female
Faun,female
Faunie,female
Faustina,female
Faustine,female
Fawn,female
Fawna,female
Fawne,female
Fawnia,female
Fay,female
Faydra,female
Faye,female
Fayette,female
Fayina,female
Fayre,female
Fayth,female
Faythe,female
Fazeel,Male
Federica,female
Federico,Male
Fedora,female
Felecia,female
Felicdad,female
Felice,Male
Felice,female
Felicia,female
Felicio,Male
Felicity,female
Felicle,female
Felipa,female
Felipe,Male
Felisha,female
Felita,female
Felix,Male
Feliza,female
Fenelia,female
Feodora,female
Ferd,Male
Ferdie,Male
Ferdinand,Male
Ferdinanda,female
Ferdinande,female
Ferdy,Male
Fergus,Male
Ferguson,Male
Ferinand,Male
Fern,female
Fernanda,female
Fernande,female
Fernandina,female
Fernando,Male
Ferne,female
Fey,female
Fiann,female
Fianna,female
Fidel,Male
Fidela,female
Fidelia,female
Fidelity,female
Fifi,female
Fifine,female
Filbert,Male
Filia,female
Filide,female
Filip,Male
Filipe,Male
Filippa,female
Filmore,Male
Fina,female
Finley,Male
Finn,Male
Fiona,female
Fionna,female
Fionnula,female
Fiorenze,female
Fitz,Male
Fitzgerald,Male
Flem,Male
Fleming,Male
Flemming,Male
Fletch,Male
Fletcher,Male
Fleur,female
Fleurette,female
Flin,Male
Flinn,Male
Flint,Male
Flipper,Male
Flo,female
Flor,female
Flora,female
Florance,female
Flore,female
Florella,female
Florence,female
Florencia,female
Florentia,female
Florenza,female
Florette,female
Flori,female
Floria,female
Florian,Male
Florice,female
Florida,female
Florie,female
Florina,female
Florinda,female
Floris,female
Florri,female
Florrie,female
Florry,female
Flory,female
Flossi,female
Flossie,female
Flossy,female
Flower,female
Floyd,Male
Flynn,Male
Fons,Male
Fonsie,Male
Fonz,Male
Fonzie,Male
Forbes,Male
Ford,Male
Forest,Male
Forester,Male
Forrest,Male
Forrester,Male
Forster,Male
Fortuna,female
Fortune,female
Foster,Male
Fowler,Male
Fox,Male
Fran,female
Fran,Male
France,female
Francene,female
Frances,female
Francesca,female
Francesco,Male
Francesmary,female
Francine,female
Francis,female
Francis,Male
Francisca,female
Francisco,Male
Franciska,female
Francois,Male
Francoise,female
Francyne,female
Frank,female
Frank,Male
Frankie,female
Frankie,Male
Franklin,Male
Franklyn,Male
Franky,female
Franky,Male
Franni,female
Frannie,female
Franny,female
Frans,Male
Franz,Male
Fraser,Male
Frayda,female
Frazier,Male
Fred,female
Fred,Male
Freda,female
Freddi,female
Freddie,Male
Freddie,female
Freddy,Male
Freddy,female
Fredelia,female
Frederic,Male
Frederica,female
Frederich,Male
Frederick,Male
Fredericka,female
Frederico,Male
Frederik,Male
Fredi,female
Fredia,female
Fredra,female
Fredric,Male
Fredrick,Male
Fredrika,female
Freeman,Male
Freemon,Male
Freida,female
Fremont,Male
French,Male
Frieda,female
Friederike,female
Friedric,Male
Friedrich,Male
Friedrick,Male
Fritz,Male
Fulton,Male
Fulvia,female
Fyodor,Male
Gabbey,female
Gabbi,female
Gabbie,female
Gabe,Male
Gabey,female
Gabi,female
Gabie,female
Gabriel,female
Gabriel,Male
Gabriela,female
Gabriele,Male
Gabriell,Male
Gabriell,female
Gabriella,female
Gabrielle,female
Gabriellia,female
Gabriello,Male
Gabrila,female
Gaby,female
Gae,female
Gael,female
Gail,female
Gail,Male
Gale,female
Gale,female
Gale,Male
Galen,Male
Galina,female
Gallagher,Male
Gamaliel,Male
Garcia,Male
Garcon,Male
Gardener,Male
Gardiner,Male
Gardner,Male
Garey,Male
Garfield,Male
Garfinkel,Male
Garland,female
Garnet,female
Garnette,female
Garold,Male
Garp,Male
Garret,Male
Garrett,Male
Garrot,Male
Garrott,Male
Garry,Male
Garth,Male
Garv,Male
Garvey,Male
Garvin,Male
Garvy,Male
Garwin,Male
Garwood,Male
Gary,Male
Gaspar,Male
Gasper,Male
Gaston,Male
Gates,female
Gav,Male
Gaven,Male
Gavin,Male
Gavra,female
Gavriel,Male
Gavrielle,female
Gay,female
Gay,Male
Gayla,female
Gayle,Male
Gayle,female
Gayleen,female
Gaylene,female
Gaynor,female
Gearard,Male
Gelya,female
Gen,female
Gena,female
Gene,female
Gene,Male
Geneva,female
Genevieve,female
Genevra,female
Genia,female
Genna,female
Genni,female
Gennie,female
Gennifer,female
Genny,female
Genovera,female
Genvieve,female
Geo,Male
Geof,Male
Geoff,Male
Geoffrey,Male
Geoffry,Male
Georg,Male
George,Male
George,female
Georgeanna,female
Georgeanne,female
Georgena,female
Georges,Male
Georgeta,female
Georgetta,female
Georgette,female
Georgia,female
Georgia,Male
Georgiamay,female
Georgiana,female
Georgianna,female
Georgianne,female
Georgie,Male
Georgie,female
Georgina,female
Georgine,female
Georgy,Male
Gera,female
Gerald,Male
Geralda,female
Geraldina,female
Geraldine,female
Geraldo,Male
Gerard,Male
Gerda,female
Gere,Male
Gerhard,Male
Gerhardine,female
Gerhardt,Male
Geri,Male
Geri,female
Gerianna,female
Gerianne,female
Gerladina,female
Germain,female
Germaine,female
Germaine,Male
Germana,female
Gerold,Male
Gerome,Male
Gerrard,Male
Gerri,female
Gerri,Male
Gerrie,female
Gerrilee,female
Gerrit,Male
Gerry,Male
Gerry,female
Gershom,Male
Gershon,Male
Gert,female
Gerta,female
Gerti,female
Gertie,female
Gertrud,female
Gertruda,female
Gertrude,female
Gertrudis,female
Gerty,female
Giacinta,female
Giacomo,Male
Gian,Male
Giana,female
Giancarlo,Male
Gianina,female
Gianna,female
Giavani,Male
Gibb,Male
Gideon,Male
Giff,Male
Giffard,Male
Giffer,Male
Giffie,Male
Gifford,Male
Giffy,Male
Gigi,female
Gil,Male
Gilbert,Male
Gilberta,female
Gilberte,female
Gilbertina,female
Gilbertine,female
Gilberto,Male
Gilburt,Male
Gilda,female
Giles,Male
Gill,female
Gill,Male
Gillan,female
Gilles,Male
Gilli,female
Gillian,female
Gillie,female
Gilligan,female
Gilly,female
Gina,female
Ginelle,female
Ginevra,female
Ginger,Male
Ginger,female
Ginni,female
Ginnie,female
Ginnifer,female
Ginny,female
Gino,Male
Giordano,Male
Giorgi,Male
Giorgia,female
Giorgio,Male
Giovanna,female
Giovanne,Male
Giovanni,Male
Gipsy,female
Giralda,female
Giraldo,Male
Giraud,Male
Gisela,female
Gisele,female
Gisella,female
Giselle,female
Giuseppe,Male
Gizela,female
Glad,female
Gladi,female
Gladis,female
Gladys,female
Gleda,female
Glen,female
Glen,Male
Glenda,female
Glenine,female
Glenn,Male
Glenn,female
Glenna,female
Glennie,female
Glennis,female
Glori,female
Gloria,female
Gloriana,female
Gloriane,female
Glorianna,female
Glory,female
Glyn,female
Glynda,female
Glynis,female
Glynn,Male
Glynnis,female
Godard,Male
Godart,Male
Goddard,Male
Goddart,Male
Godfree,Male
Godfrey,Male
Godfry,Male
Godiva,female
Godwin,Male
Golda,female
Goldarina,female
Goldi,female
Goldia,female
Goldie,female
Goldina,female
Goldy,female
Gomer,Male
Gonzales,Male
Gonzalo,Male
Goober,Male
Goose,Male
Gordan,Male
Gordie,Male
Gordon,Male
Grace,female
Grace,Male
Gracia,female
Gracie,female
Grady,Male
Graehme,Male
Graeme,Male
Graham,Male
Graig,Male
Grant,Male
Granville,Male
Grata,female
Gratia,female
Gratiana,female
Gray,female
Grayce,female
Grazia,female
Gredel,female
Greer,female
Greg,Male
Gregg,Male
Greggory,Male
Gregor,Male
Gregorio,Male
Gregory,Male
Greta,female
Gretal,female
Gretchen,Male
Gretchen,female
Grete,female
Gretel,female
Grethel,female
Gretna,female
Gretta,female
Grier,female
Griff,Male
Griffin,Male
Griffith,Male
Griselda,female
Grissel,female
Griswold,Male
Grove,Male
Grover,Male
Guendolen,female
Guenevere,female
Guenna,female
Guglielma,female
Gui,female
Guido,Male
Guillaume,Male
Guillema,female
Guillemette,female
Guillermo,Male
Guinevere,female
Guinna,female
Gunilla,female
Gunner,Male
Gunter,Male
Gunther,Male
Gunvor,female
Gus,female
Gus,Male
Gusella,female
Gussi,female
Gussie,female
Gussy,female
Gusta,female
Gustaf,Male
Gustav,Male
Gustave,Male
Gustavo,Male
Gustavus,Male
Gusti,female
Gustie,female
Gusty,female
Guthrey,Male
Guthrie,Male
Guthry,Male
Guy,Male
Gwen,female
Gwendolen,female
Gwendolin,female
Gwendolyn,female
Gweneth,female
Gwenette,female
Gwenn,female
Gwenneth,female
Gwenni,female
Gwennie,female
Gwenny,female
Gwenora,female
Gwenore,female
Gwyn,female
Gwyneth,female
Gwynne,female
Gypsy,female
Hadleigh,Male
Hadley,Male
Hadria,female
Hadrian,Male
Hagan,Male
Hagen,Male
Hailee,female
Hailey,Male
Haily,female
Hakeem,Male
Hakim,Male
Hal,Male
Hale,Male
Haleigh,female
Haleigh,Male
Halette,female
Haley,female
Haley,Male
Hali,female
Halie,female
Halimeda,female
Hall,Male
Hallam,Male
Halley,female
Halli,female
Hallie,female
Hally,female
Halvard,Male
Ham,Male
Hamel,Male
Hamid,Male
Hamil,Male
Hamilton,Male
Hamish,Male
Hamlen,Male
Hamlet,Male
Hamlin,Male
Hammad,Male
Hamnet,Male
Han,Male
Hana,female
Hanan,Male
Hanford,Male
Hank,Male
Hanna,female
Hannah,female
Hanni,female
Hannibal,female
Hannibal,Male
Hannie,female
Hannis,female
Hanny,female
Hans,Male
Hans-Peter,Male
Hansel,Male
Hanson,Male
Happy,female
Harald,Male
Harcourt,Male
Hari,Male
Harlan,Male
Harland,Male
Harlene,female
Harley,Male
Harley,female
Harli,female
Harlie,female
Harlin,Male
Harman,Male
Harmon,Male
Harmonia,female
Harmonie,female
Harmony,female
Harold,Male
Harri,female
Harrie,female
Harriet,female
Harriett,female
Harrietta,female
Harriette,female
Harriot,female
Harriott,female
Harris,Male
Harrison,Male
Harrold,Male
Harry,Male
Hart,Male
Hartley,Male
Hartwell,Male
Harv,Male
Harvard,Male
Harvey,Male
Harvie,Male
Harwell,Male
Hasheem,Male
Hashim,Male
Haskel,Male
Haskell,Male
Hassan,Male
Hastings,Male
Hasty,Male
Hatti,female
Hattie,female
Hatty,female
Haven,Male
Havivah,female
Hayden,Male
Haydon,Male
Hayes,Male
Hayley,female
Hayward,Male
Haywood,Male
Hazel,female
Hazel,Male
Heath,female
Heath,Male
Heathcliff,Male
Heather,female
Hebert,Male
Hector,Male
Heda,female
Hedda,female
Heddi,female
Heddie,female
Hedi,female
Hedvig,female
Hedwig,female
Hedy,female
Heida,female
Heide,female
Heidi,female
Heidie,female
Heinrich,Male
Heinz,Male
Helaina,female
Helaine,female
Helen,female
Helen-Elizabeth,female
Helena,female
Helene,female
Helga,female
Helge,female
Helise,female
Hellene,female
Helli,female
Helmuth,Male
Heloise,female
Helsa,female
Helyn,female
Henderson,Male
Hendrick,Male
Hendrik,Male
Hendrika,female
Henka,female
Henri,Male
Henrie,female
Henrie,Male
Henrieta,female
Henrietta,female
Henriette,female
Henrik,Male
Henrique,Male
Henry,Male
Henryetta,female
Hephzibah,female
Herb,Male
Herbert,Male
Herbie,Male
Herby,Male
Hercule,Male
Hercules,Male
Herculie,Male
Herman,Male
Hermann,Male
Hermia,female
Hermina,female
Hermine,female
Herminia,female
Hermione,female
Hermon,Male
Hermy,Male
Hernando,Male
Herold,Male
Herrick,Male
Herrmann,Male
Hersch,Male
Herschel,Male
Hersh,Male
Hershel,Male
Herta,female
Hertha,female
Herve,Male
Hervey,Male
Hester,female
Hesther,female
Hestia,female
Hetti,female
Hettie,female
Hetty,female
Hew,Male
Hewe,Male
Hewet,Male
Hewett,Male
Hewie,Male
Hewitt,Male
Heywood,Male
Hezekiah,Male
Higgins,Male
Hilarie,female
Hilary,Male
Hilary,female
Hilbert,Male
Hilda,female
Hildagard,female
Hildagarde,female
Hilde,female
Hildegaard,female
Hildegarde,female
Hildy,female
Hill,Male
Hillard,Male
Hillary,Male
Hillary,female
Hillel,Male
Hillery,Male
Hilliard,Male
Hilliary,female
Hilton,Male
Hinda,female
Hiralal,Male
Hiram,Male
Hiro,Male
Hirsch,Male
Hobart,Male
Hodge,Male
Hogan,Male
Holley,female
Holli,female
Hollie,female
Hollis,Male
Holly,Male
Holly,female
Holly-Anne,female
Hollyanne,female
Homer,Male
Honey,female
Honor,female
Honoria,female
Hope,female
Horace,Male
Horacio,Male
Horatia,female
Horatio,Male
Horatius,Male
Horst,Male
Hortense,female
Hortensia,female
Howard,Male
Howie,Male
Hoyt,Male
Hubert,Male
Hudson,Male
Huey,Male
Hugh,Male
Hugo,Male
Hulda,female
Humbert,Male
Humphrey,Male
Hunt,Male
Hunter,Male
Huntington,Male
Huntlee,Male
Huntley,Male
Hurley,Male
Husain,Male
Husein,Male
Hussein,Male
Hy,Male
Hyacinth,female
Hyacintha,female
Hyacinthe,female
Hyacinthia,female
Hyacinthie,female
Hyatt,Male
Hyman,Male
Hymie,Male
Hynda,female
Iago,Male
Iain,Male
Ian,Male
Ianthe,female
Ibbie,female
Ibby,female
Ibrahim,Male
Ichabod,Male
Ida,female
Idalia,female
Idalina,female
Idaline,female
Idell,female
Idelle,female
Idette,female
Iggie,Male
Iggy,Male
Ignace,Male
Ignacio,Male
Ignacius,Male
Ignatius,Male
Ignaz,Male
Ignazio,Male
Igor,Male
Ike,female
Ike,Male
Ikey,female
Ikey,Male
Ilana,female
Ileana,female
Ileane,female
Ilene,female
Ilise,female
Ilka,female
Illa,female
Ilona,female
Ilsa,female
Ilse,female
Ilysa,female
Ilyse,female
Ilyssa,female
Imelda,female
Immanuel,Male
Imogen,female
Imogene,female
Imojean,female
Ina,female
Inci,female
Indira,female
Ines,female
Inesita,female
Inessa,female
Inez,female
Inga,female
Ingaberg,female
Ingaborg,female
Ingamar,Male
Inge,female
Ingeberg,female
Ingeborg,female
Ingelbert,Male
Ingemar,Male
Inger,female
Inglebert,Male
Ingmar,Male
Ingram,Male
Ingrid,female
Ingunna,female
Inigo,Male
Inna,female
Ioana,female
Iolande,female
Iolanthe,female
Iona,female
Iormina,female
Ira,female
Ira,Male
Irena,female
Irene,female
Irina,female
Iris,female
Irita,female
Irma,female
Irvin,Male
Irvine,Male
Irving,Male
Irwin,Male
Isa,female
Isa,Male
Isaac,Male
Isaak,Male
Isabeau,female
Isabel,female
Isabelita,female
Isabella,female
Isabelle,female
Isador,female
Isador,Male
Isadora,female
Isadore,female
Isadore,Male
Isahella,female
Isaiah,Male
Iseabal,female
Ishmael,Male
Isidora,female
Isidore,Male
Isis,female
Ismail,Male
Isobel,female
Israel,Male
Issi,female
Issie,female
Issy,female
Istvan,Male
Ivan,Male
Ivett,female
Ivette,female
Ivie,female
Ivonne,female
Ivor,Male
Ivory,female
Ivy,female
Izaak,Male
Izabel,female
Izak,Male
Izzi,female
Izzy,Male
Jabez,Male
Jacenta,female
Jacinda,female
Jacinta,female
Jacintha,female
Jacinthe,female
Jack,Male
Jackelyn,female
Jacki,female
Jackie,Male
Jackie,female
Jacklin,female
Jacklyn,female
Jackquelin,female
Jackqueline,female
Jackson,Male
Jacky,female
Jaclin,female
Jaclyn,female
Jacob,Male
Jacquelin,female
Jacqueline,female
Jacquelyn,female
Jacquelynn,female
Jacquenetta,female
Jacquenette,female
Jacques,Male
Jacquetta,female
Jacquette,female
Jacqui,female
Jacquie,female
Jacynth,female
Jada,female
Jade,female
Jae,Male
Jaime,Male
Jaime,female
Jaimie,female
Jaine,female
Jake,Male
Jakob,Male
Jaleh,female
James,Male
Jameson,Male
Jamey,Male
Jami,female
Jamie,female
Jamie,Male
Jamima,female
Jammie,female
Jan,Male
Jan,female
Jana,female
Janaya,female
Janaye,female
Jandy,female
Jane,female
Janean,female
Janeczka,female
Janeen,female
Janel,female
Janela,female
Janella,female
Janelle,female
Janene,female
Janenna,female
Janessa,female
Janet,female
Janeta,female
Janetta,female
Janette,female
Janeva,female
Janey,female
Jania,female
Janice,female
Janie,female
Janifer,female
Janina,female
Janine,female
Janis,female
Janith,female
Janka,female
Janna,female
Jannel,female
Jannelle,female
Janos,Male
Janot,female
Janus,Male
Jany,female
Jaquelin,female
Jaquelyn,female
Jaquenetta,female
Jaquenette,female
Jaquith,female
Jared,Male
Jarrett,Male
Jarvis,Male
Jasmin,female
Jasmina,female
Jasmine,female
Jason,Male
Jasper,Male
Javier,Male
Jay,Male
Jayme,female
Jaymee,female
Jayne,female
Jaynell,female
Jazmin,female
Jean,Male
Jean,female
Jean-Christophe,Male
Jean-Francois,Male
Jean-Lou,Male
Jean-Luc,Male
Jean-Marc,Male
Jean-Paul,Male
Jean-Pierre,Male
Jeana,female
Jeane,female
Jeanelle,female
Jeanette,female
Jeanie,female
Jeanine,female
Jeanna,female
Jeanne,female
Jeannette,female
Jeannie,female
Jeannine,female
Jeb,Male
Jed,Male
Jedediah,Male
Jef,Male
Jeff,Male
Jefferey,Male
Jefferson,Male
Jeffery,Male
Jeffie,Male
Jeffrey,Male
Jeffry,Male
Jefry,Male
Jehanna,female
Jehu,Male
Jelene,female
Jemie,female
Jemima,female
Jemimah,female
Jemmie,female
Jemmy,female
Jen,female
Jena,female
Jenda,female
Jenelle,female
Jenette,female
Jeni,female
Jenica,female
Jeniece,female
Jenifer,female
Jeniffer,female
Jenilee,female
Jenine,female
Jenn,female
Jenna,female
Jennee,female
Jennette,female
Jenni,female
Jennica,female
Jennie,female
Jennifer,female
Jennilee,female
Jennine,female
Jennings,Male
Jenny,female
Jens,Male
Jephthah,Male
Jerald,Male
Jeraldine,female
Jeralee,female
Jeramie,Male
Jere,female
Jere,Male
Jereme,Male
Jeremiah,Male
Jeremias,Male
Jeremie,Male
Jeremy,Male
Jeri,female
Jermain,Male
Jermaine,female
Jermaine,Male
Jermayne,Male
Jerold,Male
Jerome,Male
Jeromy,Male
Jerri,Male
Jerrie,Male
Jerrie,female
Jerrilee,female
Jerrilyn,female
Jerrine,female
Jerrold,Male
Jerrome,Male
Jerry,Male
Jerry,female
Jerrylee,female
Jervis,Male
Jerzy,Male
Jess,Male
Jess,female
Jessa,female
Jessalin,female
Jessalyn,female
Jessamine,female
Jessamyn,female
Jesse,female
Jesse,Male
Jessee,Male
Jesselyn,female
Jessey,Male
Jessi,female
Jessica,female
Jessie,female
Jessie,Male
Jessika,female
Jessy,female
Jesus,Male
Jeth,Male
Jethro,Male
Jewel,female
Jewell,female
Jewelle,female
Jill,female
Jillana,female
Jillane,female
Jillayne,female
Jilleen,female
Jillene,female
Jilli,female
Jillian,female
Jillie,female
Jilly,female
Jim,Male
Jimbo,Male
Jimmie,Male
Jimmy,Male
Jinny,female
Jo,Male
Jo,female
Jo Ann,female
Jo-Ann,female
Jo-Anne,female
JoAnn,female
JoAnne,female
Joab,Male
Joachim,Male
Joan,female
Joana,female
Joane,female
Joanie,female
Joann,female
Joanna,female
Joanne,female
Joannes,female
Joao,Male
Joaquin,Male
Job,Male
Jobey,female
Jobi,female
Jobie,female
Jobina,female
Joby,female
Jobye,female
Jobyna,female
Jocelin,female
Joceline,female
Jocelyn,female
Jocelyne,female
Jock,Male
Jodee,female
Jodi,Male
Jodi,female
Jodie,female
Jodie,Male
Jody,female
Jody,Male
Joe,Male
Joel,Male
Joela,female
Joelie,female
Joell,female
Joella,female
Joelle,female
Joellen,female
Joelly,female
Joellyn,female
Joelynn,female
Joete,female
Joey,female
Joey,Male
Johan,Male
Johann,Male
Johanna,female
Johannah,female
Johannes,Male
John,Male
John-David,Male
John-Patrick,Male
Johnathan,Male
Johnathon,Male
Johnette,female
Johnna,female
Johnnie,Male
Johnny,Male
Johny,Male
Joice,female
Jojo,female
Jolee,female
Joleen,female
Jolene,female
Joletta,female
Joli,female
Jolie,female
Joline,female
Joly,female
Jolyn,female
Jolynn,female
Jon,Male
Jonah,Male
Jonas,Male
Jonathan,Male
Jonathon,Male
Jonell,female
Joni,female
Jonie,female
Jonis,female
Jonny,Male
Jordain,female
Jordan,female
Jordan,Male
Jordana,female
Jordanna,female
Jordon,Male
Jordy,Male
Jorey,female
Jorge,Male
Jori,female
Jorie,female
Jorrie,female
Jorry,female
Jory,Male
Joscelin,female
Jose,Male
Josee,female
Josef,Male
Josefa,female
Josefina,female
Joselyn,female
Joseph,Male
Josepha,female
Josephina,female
Josephine,female
Josephus,Male
Josey,female
Josh,Male
Joshua,Male
Joshuah,Male
Josi,female
Josiah,Male
Josie,female
Joslyn,female
Josselyn,female
Josy,female
Jotham,Male
Jourdan,female
Joy,female
Joya,female
Joyan,female
Joyann,female
Joyce,female
Joycelin,female
Joye,female
Joyous,female
Juan,Male
Juana,female
Juanita,female
Juanita,Male
Jud,Male
Judah,Male
Judas,Male
Judd,Male
Jude,female
Jude,Male
Judi,female
Judie,female
Judith,female
Judith,Male
Juditha,female
Judson,Male
Judy,female
Judy,Male
Judye,female
Juergen,Male
Jule,Male
Julee,female
Jules,Male
Juli,female
Julia,female
Julian,Male
Juliana,female
Juliane,female
Juliann,female
Julianna,female
Julianne,female
Julie,female
Julie,Male
Julienne,female
Juliet,female
Julieta,female
Julietta,female
Juliette,female
Julina,female
Juline,female
Julio,Male
Julissa,female
Julita,female
Julius,Male
June,female
Junette,female
Junia,female
Junie,female
Junina,female
Justin,Male
Justin,female
Justina,female
Justine,female
Justis,Male
Jyoti,female
Kacey,female
Kacie,female
Kacy,female
Kai,female
Kaia,female
Kaila,female
Kaile,female
Kailey,female
Kaiser,Male
Kaitlin,female
Kaitlyn,female
Kaitlynn,female
Kaja,female
Kakalina,female
Kala,female
Kaleb,Male
Kaleena,female
Kali,female
Kalie,female
Kalil,Male
Kalila,female
Kalina,female
Kalinda,female
Kalindi,female
Kalle,Male
Kalli,female
Kally,female
Kalman,Male
Kalvin,Male
Kam,Male
Kameko,female
Kamila,female
Kamilah,female
Kamillah,female
Kandace,female
Kandy,female
Kane,Male
Kania,female
Kanya,female
Kara,female
Kara-Lynn,female
Karalee,female
Karalynn,female
Kare,female
Karee,female
Kareem,Male
Karel,Male
Karel,female
Karen,female
Karena,female
Kari,female
Karia,female
Karie,female
Karil,female
Karilynn,female
Karim,Male
Karin,female
Karina,female
Karine,female
Kariotta,female
Karisa,female
Karissa,female
Karita,female
Karl,Male
Karla,female
Karlee,female
Karleen,female
Karlen,female
Karlene,female
Karlie,female
Karlotta,female
Karlotte,female
Karly,female
Karlyn,female
Karmen,female
Karna,female
Karol,female
Karola,female
Karole,female
Karolina,female
Karoline,female
Karoly,female
Karon,female
Karrah,female
Karrie,female
Karry,female
Karsten,Male
Kary,female
Karyl,female
Karylin,female
Karyn,female
Kasey,female
Kaspar,Male
Kass,female
Kassandra,female
Kassey,female
Kassi,female
Kassia,female
Kassie,female
Kaster,female
Kat,female
Kata,female
Katalin,female
Kate,female
Katee,female
Katerina,female
Katerine,female
Katey,female
Kath,female
Katha,female
Katharina,female
Katharine,female
Katharyn,female
Kathe,female
Katheleen,female
Katherina,female
Katherine,female
Katheryn,female
Kathi,female
Kathie,female
Kathleen,female
Kathlene,female
Kathlin,female
Kathrine,female
Kathryn,female
Kathryne,female
Kathy,female
Kathye,female
Kati,female
Katie,female
Katina,female
Katine,female
Katinka,female
Katleen,female
Katlin,female
Katrina,female
Katrine,female
Katrinka,female
Katti,female
Kattie,female
Katuscha,female
Katusha,female
Katy,female
Katya,female
Kay,female
Kaycee,female
Kaye,female
Kayla,female
Kayle,female
Kaylee,female
Kayley,female
Kaylil,female
Kaylyn,female
Kee,female
Keefe,Male
Keeley,female
Keelia,female
Keely,female
Keenan,Male
Keene,Male
Keil,Male
Keith,Male
Kelcey,female
Kelci,female
Kelcie,female
Kelcy,female
Kelila,female
Kellen,Male
Kellen,female
Kelley,Male
Kelley,female
Kelli,female
Kellia,female
Kellie,female
Kellina,female
Kellsie,female
Kelly,female
Kelly,Male
Kellyann,female
Kelsey,female
Kelsey,Male
Kelsi,female
Kelsy,female
Kelvin,Male
Kelwin,Male
Ken,Male
Kendal,Male
Kendall,Male
Kendra,female
Kendre,female
Kendrick,Male
Kenn,Male
Kenna,female
Kennedy,Male
Kenneth,Male
Kenny,Male
Kent,Male
Kenton,Male
Kenyon,Male
Keren,female
Keri,female
Keriann,female
Kerianne,female
Kermie,Male
Kermit,Male
Kerri,female
Kerrie,female
Kerrill,female
Kerrin,female
Kerry,Male
Kerry,female
Kerstin,female
Kesley,female
Keslie,female
Kessia,female
Kessiah,female
Ketti,female
Kettie,female
Ketty,female
Kevan,Male
Kevin,Male
Kevina,female
Kevyn,female
Ki,female
Kia,female
Kiah,female
Kial,female
Kiele,female
Kiersten,female
Kikelia,female
Kiley,female
Kim,female
Kim,Male
Kimball,Male
Kimberlee,female
Kimberley,female
Kimberli,female
Kimberly,female
Kimberlyn,female
Kimbra,female
Kimmi,female
Kimmie,female
Kimmo,Male
Kimmy,female
Kin,Male
Kincaid,Male
King,Male
Kingsley,Male
Kingsly,Male
Kingston,Male
Kinna,female
Kip,Male
Kip,female
Kipp,female
Kippie,female
Kippy,female
Kira,female
Kirbee,female
Kirbie,female
Kirby,Male
Kirby,female
Kiri,female
Kirk,Male
Kirsten,female
Kirsteni,female
Kirsti,female
Kirstie,female
Kirstin,female
Kirstyn,female
Kissee,female
Kissiah,female
Kissie,female
Kit,female
Kit,Male
Kitti,female
Kittie,female
Kitty,female
Kizzee,female
Kizzie,female
Klara,female
Klarika,female
Klarrisa,female
Klaus,Male
Klee,Male
Knox,Male
Konrad,Male
Konstance,female
Konstantin,Male
Konstanze,female
Koo,female
Kora,female
Koral,female
Koralle,female
Kordula,female
Kore,female
Korella,female
Koren,female
Koressa,female
Kori,female
Korie,female
Korney,female
Korrie,female
Korry,female
Kory,Male
Kostas,Male
Kourtney,female
Kraig,Male
Kris,Male
Kris,female
Krishna,Male
Krissie,female
Krissy,female
Krista,female
Kristal,female
Kristan,female
Kriste,female
Kristel,female
Kristen,female
Kristi,female
Kristian,Male
Kristien,female
Kristin,female
Kristina,female
Kristine,female
Kristopher,Male
Kristos,Male
Kristy,female
Kristyn,female
Krysta,female
Krystal,female
Krystalle,female
Krystle,female
Krystyna,female
Kurt,Male
Kurtis,Male
Kyla,female
Kyle,female
Kyle,Male
Kylen,female
Kylie,female
Kylila,female
Kylynn,female
Kym,female
Kynthia,female
Kyrstin,female
La,female
Lacee,female
Lacey,female
Lacie,female
Lacy,female
Ladonna,female
Laetitia,female
Laila,female
Laina,female
Lainey,female
Laird,Male
Lamar,Male
Lamb,female
Lambert,Male
Lamont,Male
Lana,female
Lance,Male
Lancelot,Male
Lane,female
Lane,Male
Lanette,female
Laney,female
Langston,Male
Lani,female
Lanie,female
Lanita,female
Lanna,female
Lanni,female
Lanny,Male
Lanny,female
Lara,female
Laraine,female
Lari,female
Larina,female
Larine,female
Larisa,female
Larissa,female
Lark,female
Larry,Male
Lars,Male
Laryssa,female
Latashia,female
Latia,female
Latisha,female
Latrena,female
Latrina,female
Laura,female
Lauraine,female
Laural,female
Lauralee,female
Laurance,Male
Laure,female
Lauree,female
Laureen,female
Laurel,female
Laurella,female
Lauren,female
Lauren,Male
Laurena,female
Laurence,Male
Laurene,female
Laurens,Male
Laurent,Male
Lauretta,female
Laurette,female
Lauri,female
Laurianne,female
Laurice,female
Laurie,female
Laurie,Male
Lauryn,female
Lavena,female
Laverna,female
Laverne,female
Lavina,female
Lavinia,female
Lavinie,female
Lawerence,Male
Lawrence,Male
Lawson,Male
Lawton,Male
Lay,Male
Layla,female
Layne,female
Layney,female
Layton,Male
Lazar,Male
Lazare,Male
Lazaro,Male
Lazarus,Male
Lazlo,Male
Lea,female
Leah,female
Leandra,female
Leann,female
Leanna,female
Leanne,female
Leanor,female
Leanora,female
Lebbie,female
Leda,female
Lee,female
Lee,Male
LeeAnn,female
Leeann,female
Leeanne,female
Leela,female
Leelah,female
Leena,female
Leesa,female
Leese,female
Lefty,Male
Legra,female
Leia,female
Leiah,female
Leif,Male
Leigh,female
Leigh,Male
Leigha,female
Leighton,Male
Leila,female
Leilah,female
Leisha,female
Lela,female
Lelah,female
Leland,female
Leland,Male
Lelia,female
Lem,Male
Lemar,Male
Lemmie,Male
Lemmy,Male
Lemuel,Male
Len,Male
Lena,female
Lenard,Male
Lenee,female
Lenette,female
Lenka,female
Lenna,female
Lennie,Male
Lenny,Male
Lenora,female
Lenore,female
Leo,Male
Leodora,female
Leoine,female
Leola,female
Leoline,female
Leon,Male
Leona,female
Leonanie,female
Leonard,Male
Leonardo,Male
Leone,female
Leonelle,female
Leonerd,Male
Leonhard,Male
Leonid,Male
Leonidas,Male
Leonie,female
Leonora,female
Leonore,female
Leontine,female
Leontyne,female
Leopold,Male
Leora,female
Leorah,female
Leroy,Male
Les,Male
Leshia,female
Lesley,Male
Lesley,female
Lesli,female
Leslie,female
Leslie,Male
Lesly,female
Lester,Male
Lesya,female
Leta,female
Lethia,female
Leticia,female
Letisha,female
Letitia,female
Letta,female
Letti,female
Lettie,female
Letty,female
Lev,Male
Levi,Male
Levin,Male
Levon,Male
Levy,Male
Lew,Male
Lewis,Male
Lex,Male
Leyla,female
Lezlie,female
Lia,female
Liam,Male
Lian,female
Liana,female
Liane,female
Lianna,female
Lianne,female
Lib,female
Libbey,female
Libbi,female
Libbie,female
Libby,female
Licha,female
Lida,female
Lidia,female
Lil,female
Lila,female
Lilah,female
Lilas,female
Lilia,female
Lilian,female
Liliane,female
Lilias,female
Lilith,female
Lilla,female
Lilli,female
Lillian,female
Lillis,female
Lilllie,female
Lilly,female
Lily,female
Lilyan,female
Lin,female
Lin,Male
Lina,female
Lincoln,Male
Lind,female
Lind,Male
Linda,female
Lindi,female
Lindie,female
Lindsay,Male
Lindsay,female
Lindsey,Male
Lindsey,female
Lindsy,female
Lindy,Male
Lindy,female
Linea,female
Linell,female
Linet,female
Linette,female
Linn,female
Linnea,female
Linnell,female
Linnet,female
Linnie,female
Linoel,Male
Linus,Male
Linzy,female
Lion,Male
Lionel,Male
Lionello,Male
Liora,female
Liorah,female
Lira,female
Lisa,female
Lisabeth,female
Lisandra,female
Lisbeth,female
Lise,female
Lisetta,female
Lisette,female
Lisha,female
Lishe,female
Lissa,female
Lissi,female
Lissie,female
Lissy,female
Lita,female
Liuka,female
Livia,female
Liz,female
Liza,female
Lizabeth,female
Lizbeth,female
Lizette,female
Lizzie,female
Lizzy,female
Llewellyn,Male
Lloyd,Male
Locke,Male
Lockwood,Male
Loella,female
Logan,Male
Lois,female
Loise,female
Lola,female
Lolande,female
Loleta,female
Lolita,female
Lolly,female
Lon,Male
Lona,female
Lonee,female
Loni,female
Lonna,female
Lonni,female
Lonnie,Male
Lonnie,female
Lonny,Male
Lora,female
Lorain,female
Loraine,female
Loralee,female
Loralie,female
Loralyn,female
Loree,female
Loreen,female
Lorelei,female
Lorelle,female
Loren,female
Loren,Male
Lorena,female
Lorene,female
Lorenza,female
Lorenzo,Male
Loretta,female
Lorettalorna,female
Lorette,female
Lori,female
Loria,female
Lorianna,female
Lorianne,female
Lorie,female
Lorilee,female
Lorilyn,female
Lorinda,female
Lorine,female
Lorita,female
Lorna,female
Lorne,female
Lorne,Male
Lorraine,female
Lorrayne,female
Lorri,female
Lorrie,Male
Lorrie,female
Lorrin,female
Lorry,female
Lory,female
Lothar,Male
Lotta,female
Lotte,female
Lotti,female
Lottie,female
Lotty,female
Lou,female
Lou,Male
Louella,female
Louie,Male
Louis,Male
Louisa,female
Louise,female
Louisette,female
Love,female
Lovell,Male
Lowell,Male
Luana,female
Luanna,female
Lucas,Male
Luce,Male
Luce,female
Luci,female
Lucia,female
Lucian,Male
Luciana,female
Luciano,Male
Lucie,female
Lucien,Male
Lucienne,female
Lucila,female
Lucilia,female
Lucille,female
Lucina,female
Lucinda,female
Lucine,female
Lucio,Male
Lucita,female
Lucius,Male
Lucky,female
Lucretia,female
Lucy,female
Ludvig,Male
Ludwig,Male
Luella,female
Luelle,female
Luigi,Male
Luis,Male
Luisa,female
Luise,female
Lukas,Male
Luke,Male
Lula,female
Lulita,female
Lulu,female
Luna,female
Lura,female
Lurette,female
Lurleen,female
Lurlene,female
Lurline,female
Lusa,female
Lust,female
Luther,Male
Lyda,female
Lydia,female
Lydie,female
Lyle,Male
Lyn,Male
Lyn,female
Lynda,female
Lynde,female
Lyndel,female
Lyndell,female
Lyndon,Male
Lyndsay,female
Lyndsey,female
Lyndsie,female
Lyndy,female
Lynea,female
Lynelle,female
Lynett,female
Lynette,female
Lynn,Male
Lynn,female
Lynna,female
Lynne,female
Lynnea,female
Lynnell,female
Lynnelle,female
Lynnet,female
Lynnett,female
Lynnette,female
Lynsey,female
Lysandra,female
Lyssa,female
Mab,female
Mabel,female
Mabelle,female
Mable,female
Mac,Male
Mace,Male
Mack,Male
Mackenzie,Male
Mada,female
Madalena,female
Madalyn,female
Maddalena,female
Maddi,female
Maddie,female
Maddie,Male
Maddy,Male
Maddy,female
Madel,female
Madelaine,female
Madeleine,female
Madelena,female
Madelene,female
Madelin,female
Madelina,female
Madeline,female
Madella,female
Madelle,female
Madelon,female
Madelyn,female
Madge,female
Madison,Male
Madlen,female
Madlin,female
Madona,female
Madonna,female
Mady,female
Mae,female
Maegan,female
Mag,female
Magda,female
Magdaia,female
Magdalen,female
Magdalena,female
Magdalene,female
Maggee,female
Maggi,female
Maggie,female
Maggy,female
Magna,female
Magnum,Male
Magnus,Male
Mahala,female
Mahalia,female
Mahesh,Male
Mahmoud,Male
Mahmud,Male
Maia,female
Maible,female
Maiga,female
Mair,female
Maire,female
Mairead,female
Maisey,female
Maisie,female
Maison,Male
Major,Male
Mala,female
Malanie,female
Malcah,female
Malcolm,Male
Malena,female
Malia,female
Malina,female
Malinda,female
Malinde,female
Malissa,female
Malissia,female
Malka,female
Malkah,female
Mallissa,female
Mallorie,female
Mallory,female
Malorie,female
Malory,female
Malva,female
Malvina,female
Malynda,female
Mame,female
Mamie,female
Manda,female
Mandi,female
Mandie,female
Mandy,female
Manfred,Male
Manish,Male
Manny,Male
Manon,female
Manuel,Male
Manya,female
Mara,female
Marabel,female
Marc,Male
Marcel,Male
Marcela,female
Marcelia,female
Marcella,female
Marcelle,female
Marcellina,female
Marcelline,female
Marcello,Male
Marcellus,Male
Marcelo,Male
Marchall,Male
Marchelle,female
Marci,female
Marcia,female
Marcie,female
Marcile,female
Marcille,female
Marcio,Male
Marco,Male
Marcos,Male
Marcus,Male
Marcy,female
Mareah,female
Maren,female
Marena,female
Maressa,female
Marga,female
Margalit,female
Margalo,female
Margaret,female
Margareta,female
Margarete,female
Margaretha,female
Margarethe,female
Margaretta,female
Margarette,female
Margarita,female
Margaux,female
Marge,female
Margeaux,female
Margery,female
Marget,female
Margette,female
Margi,female
Margie,female
Margit,female
Marglerite,female
Margo,female
Margot,female
Margret,female
Marguerite,female
Margurite,female
Margy,female
Mari,female
Maria,female
Mariam,female
Marian,female
Mariana,female
Mariann,female
Marianna,female
Marianne,female
Maribel,female
Maribelle,female
Maribeth,female
Marice,female
Maridel,female
Marie,female
Marie-Ann,female
Marie-Jeanne,female
Marieann,female
Mariejeanne,female
Mariel,female
Mariele,female
Marielle,female
Mariellen,female
Marietta,female
Marietta,Male
Mariette,female
Marigold,female
Marijo,female
Marika,female
Marilee,female
Marilin,female
Marillin,female
Marilu,Male
Marilyn,female
Marin,female
Marina,female
Marinna,female
Mario,Male
Marion,female
Marion,Male
Mariquilla,female
Maris,female
Marisa,female
Mariska,female
Marissa,female
Marit,female
Marita,female
Maritsa,female
Marius,Male
Mariya,female
Marj,female
Marja,female
Marje,female
Marji,female
Marjie,female
Marjorie,female
Marjory,female
Marjy,female
Mark,Male
Marketa,female
Marko,Male
Markos,Male
Markus,Male
Marla,female
Marlane,female
Marleah,female
Marlee,female
Marleen,female
Marlena,female
Marlene,female
Marley,female
Marlie,female
Marlin,Male
Marline,female
Marlo,female
Marlo,Male
Marlon,Male
Marlow,Male
Marlowe,Male
Marlyn,female
Marmaduke,Male
Marna,female
Marne,female
Marney,female
Marni,female
Marnia,female
Marnie,female
Marquita,female
Marrilee,female
Marris,female
Marrissa,female
Marry,female
Marsh,Male
Marsha,female
Marshal,Male
Marshall,Male
Marsiella,female
Mart,Male
Marta,female
Martainn,Male
Martelle,female
Marten,Male
Martguerita,female
Martha,female
Marthe,female
Marthena,female
Marti,female
Martica,female
Martie,Male
Martie,female
Martin,Male
Martina,female
Martino,Male
Martita,female
Marty,female
Marty,Male
Martyn,Male
Martynne,female
Marv,Male
Marve,Male
Marven,Male
Marvin,Male
Marwin,Male
Mary,female
Marya,female
Maryangelyn,female
Maryann,female
Maryanna,female
Maryanne,female
Marybelle,female
Marybeth,female
Maryellen,female
Maryjane,female
Maryjo,female
Maryl,female
Marylee,female
Marylin,female
Marylinda,female
Marylou,female
Marylynne,female
Maryrose,female
Marys,female
Marysa,female
Masha,female
Mason,Male
Matelda,female
Mateo,Male
Mathew,Male
Mathias,Male
Mathilda,female
Mathilde,female
Matias,Male
Matilda,female
Matilde,female
Matt,Male
Matteo,Male
Matthaeus,Male
Mattheus,Male
Matthew,Male
Matthias,Male
Matthieu,Male
Matthiew,Male
Matthus,Male
Matti,female
Mattias,Male
Mattie,female
Mattie,Male
Matty,female
Matty,Male
Maud,female
Maude,female
Maudie,female
Maura,female
Maure,female
Maureen,female
Maureene,female
Maurene,female
Maurice,Male
Mauricio,Male
Maurie,Male
Maurine,female
Maurise,female
Maurise,Male
Maurita,female
Maurits,Male
Mauritz,Male
Maury,Male
Mavis,female
Mavra,female
Max,Male
Max,female
Maxfield,Male
Maxi,female
Maxie,female
Maxie,Male
Maxim,Male
Maximilian,Male
Maximilien,Male
Maxine,female
Maxwell,Male
Maxy,female
May,female
Maya,female
Maybelle,female
Mayda,female
Maye,female
Mayer,Male
Maynard,Male
Maynord,Male
Mayor,Male
Mead,Male
Mead,female
Meade,Male
Meade,female
Meagan,female
Meaghan,female
Meara,female
Mechelle,female
Meg,female
Megan,female
Megen,female
Meggan,female
Meggi,female
Meggie,female
Meggy,female
Meghan,female
Meghann,female
Mehetabel,female
Mei,female
Meier,Male
Meir,Male
Meira,female
Mel,female
Mel,Male
Mela,female
Melamie,female
Melania,female
Melanie,female
Melantha,female
Melany,female
Melba,female
Melesa,female
Melessa,female
Melicent,female
Melina,female
Melinda,female
Melinde,female
Melisa,female
Melisande,female
Melisandra,female
Melisenda,female
Melisent,female
Melissa,female
Melisse,female
Melita,female
Melitta,female
Mella,female
Melli,female
Mellicent,female
Mellie,female
Mellisa,female
Mellisent,female
Mellissa,female
Melloney,female
Melly,female
Melodee,female
Melodie,female
Melody,female
Melonie,female
Melony,female
Melosa,female
Melva,female
Melvin,Male
Melvyn,Male
Menard,Male
Mendel,Male
Mendie,Male
Mercedes,female
Merci,female
Mercie,female
Mercy,female
Meredeth,Male
Meredith,female
Meredith,Male
Meredithe,female
Merell,Male
Meridel,female
Meridith,female
Meriel,female
Merilee,female
Merill,Male
Merilyn,female
Meris,female
Merissa,female
Merl,female
Merla,female
Merle,female
Merle,Male
Merlin,Male
Merlina,female
Merline,female
Merna,female
Merola,female
Merralee,female
Merrel,Male
Merrick,Male
Merridie,female
Merrie,female
Merrielle,female
Merril,Male
Merrile,female
Merrilee,female
Merrili,female
Merrill,Male
Merrill,female
Merrily,female
Merry,Male
Merry,female
Mersey,female
Merv,Male
Mervin,Male
Merwin,Male
Meryl,female
Meryl,Male
Meta,female
Meyer,Male
Mia,female
Mic,Male
Micaela,female
Micah,Male
Michael,Male
Michaela,female
Michaelina,female
Michaeline,female
Michaella,female
Michail,Male
Michal,Male
Michal,female
Michale,Male
Micheal,Male
Micheil,Male
Michel,female
Michel,Male
Michele,Male
Michele,female
Michelina,female
Micheline,female
Michell,female
Michelle,female
Mick,Male
Mickey,Male
Micki,female
Mickie,female
Mickie,Male
Micky,female
Micky,Male
Midge,female
Mignon,female
Mignonne,female
Miguel,Male
Miguela,female
Miguelita,female
Mika,Male
Mikael,Male
Mike,Male
Mikel,Male
Mikey,Male
Mikhail,Male
Mildred,female
Mildrid,female
Milena,female
Miles,Male
Milicent,female
Milissent,female
Milka,female
Milli,female
Millicent,Male
Millicent,female
Millie,female
Millisent,female
Milly,female
Milo,Male
Milt,Male
Milton,Male
Milzie,female
Mimi,female
Min,female
Mina,female
Minda,female
Mindy,female
Minerva,female
Minetta,female
Minette,female
Minna,female
Minni,female
Minnie,female
Minny,female
Minta,female
Miquela,female
Mira,female
Mirabel,female
Mirabella,female
Mirabelle,female
Miran,female
Miranda,female
Mireielle,female
Mireille,female
Mirella,female
Mirelle,female
Miriam,female
Mirilla,female
Mirna,female
Mischa,Male
Misha,female
Missie,female
Missy,female
Misti,female
Misty,female
Mitch,Male
Mitchael,Male
Mitchel,Male
Mitchell,Male
Mitra,female
Mitzi,female
Mmarianne,female
Modesta,female
Modestia,female
Modestine,female
Modesty,female
Moe,Male
Mohamad,Male
Mohamed,Male
Mohammad,Male
Mohammed,Male
Mohan,Male
Moina,female
Moira,female
Moise,Male
Moises,Male
Moishe,Male
Moll,female
Mollee,female
Molli,female
Mollie,female
Molly,female
Mommy,female
Mona,female
Monah,female
Monica,female
Monika,female
Monique,female
Monroe,Male
Montague,Male
Monte,Male
Montgomery,Male
Monty,Male
Moore,Male
Mora,female
Mordecai,Male
Moreen,female
Morena,female
Morgan,female
Morgan,Male
Morgana,female
Morganica,female
Morganne,female
Morgen,female
Moria,female
Morissa,female
Morlee,Male
Morlee,female
Morley,Male
Morly,Male
Morna,female
Morrie,Male
Morris,Male
Morry,Male
Morse,Male
Mort,Male
Morten,Male
Mortie,Male
Mortimer,Male
Morton,Male
Morty,Male
Mose,Male
Moselle,female
Moses,Male
Moshe,Male
Moss,Male
Moya,female
Moyna,female
Moyra,female
Mozelle,female
Muffin,Male
Muffin,female
Mufi,female
Mufinella,female
Mugsy,Male
Muhammad,Male
Muire,female
Munmro,Male
Munroe,Male
Murdoch,Male
Murdock,Male
Mureil,female
Murial,female
Muriel,female
Murielle,female
Murphy,Male
Murray,Male
Mustafa,Male
Myke,Male
Myles,Male
Mylo,Male
Myna,female
Myra,female
Myrah,female
Myranda,female
Myriam,female
Myrilla,female
Myrle,female
Myrlene,female
Myrna,female
Myron,Male
Myrta,female
Myrtia,female
Myrtice,female
Myrtie,female
Myrtle,female
Nada,female
Nadean,female
Nadeen,female
Nadia,female
Nadine,female
Nadiya,female
Nady,female
Nadya,female
Nahum,Male
Nalani,female
Name,Sex
Nan,female
Nana,female
Nananne,female
Nance,female
Nancee,female
Nancey,female
Nanci,female
Nancie,female
Nancy,female
Nanete,female
Nanette,female
Nani,female
Nanice,female
Nanine,female
Nannette,female
Nanni,female
Nannie,female
Nanny,female
Nanon,female
Naoma,female
Naomi,female
Napoleon,Male
Nara,female
Nari,female
Nariko,female
Nat,Male
Nat,female
Nata,female
Natala,female
Natale,Male
Natalee,female
Natalia,female
Natalie,female
Natalina,female
Nataline,female
Natalya,female
Natasha,female
Natassia,female
Nate,Male
Nathalia,female
Nathalie,female
Nathan,Male
Nathanael,Male
Nathanial,Male
Nathaniel,Male
Nathanil,Male
Natka,female
Natty,female
Neal,Male
Neala,female
Neale,Male
Neall,Male
Nealon,Male
Nealson,Male
Nealy,Male
Ned,Male
Neda,female
Nedda,female
Neddie,Male
Neddy,Male
Nedi,female
Neel,Male
Neely,female
Neil,Male
Neila,female
Neile,female
Neilla,female
Neille,female
Nela,female
Nelia,female
Nelie,female
Nell,female
Nelle,female
Nelli,female
Nellie,female
Nelly,female
Nels,Male
Nelsen,Male
Nelson,Male
Nena,female
Nerissa,female
Nerita,female
Nero,Male
Neron,Male
Nert,female
Nerta,female
Nerte,female
Nerti,female
Nertie,female
Nerty,female
Nessa,female
Nessi,female
Nessie,female
Nessy,female
Nesta,female
Nester,Male
Nestor,Male
Netta,female
Netti,female
Nettie,female
Nettle,female
Netty,female
Nev,Male
Nevil,Male
Nevile,Male
Neville,Male
Nevin,Male
Nevins,Male
Nevsa,female
Newton,Male
Neysa,female
Niall,Male
Niccolo,Male
Nichol,female
Nicholas,Male
Nichole,female
Nichole,Male
Nicholle,female
Nichols,Male
Nick,Male
Nickey,Male
Nicki,female
Nickie,Male
Nickie,female
Nickolas,Male
Nicky,Male
Nicky,female
Nico,Male
Nicol,female
Nicola,female
Nicolas,Male
Nicole,female
Nicolea,female
Nicolette,female
Nicoli,female
Nicolina,female
Nicoline,female
Nicolle,female
Nidia,female
Niels,Male
Nigel,Male
Nike,female
Niki,Male
Niki,female
Nikita,Male
Nikki,female
Nikki,Male
Nikkie,female
Nikolai,Male
Nikoletta,female
Nikolia,female
Nikos,Male
Nil,female
Niles,Male
Nils,Male
Nilson,Male
Nina,female
Ninetta,female
Ninette,female
Ninnetta,female
Ninnette,female
Ninon,female
Nisa,female
Nissa,female
Nisse,female
Nissie,female
Nissy,female
Nita,female
Nitin,female
Niven,Male
Nixie,female
Noach,Male
Noah,Male
Noam,Male
Noami,female
Noble,Male
Noe,Male
Noel,female
Noel,Male
Noelani,female
Noell,female
Noella,female
Noelle,female
Noellyn,female
Noelyn,female
Noemi,female
Nola,female
Nolan,Male
Nolana,female
Noland,Male
Nolie,female
Nollie,female
Nomi,female
Nona,female
Nonah,female
Noni,female
Nonie,female
Nonna,female
Nonnah,female
Nora,female
Norah,female
Norbert,Male
Norean,female
Noreen,female
Norene,female
Norina,female
Norine,female
Norm,Male
Norma,female
Norman,Male
Normand,Male
Normie,Male
Norri,female
Norrie,female
Norris,Male
Norry,female
Northrop,Male
Northrup,Male
Norton,Male
Norwood,Male
Nova,female
Novelia,female
Nunzio,Male
Nydia,female
Nyssa,female
Obadiah,Male
Obadias,Male
Oberon,Male
Obie,Male
Octavia,female
Octavius,Male
Odele,female
Odelia,female
Odelinda,female
Odell,Male
Odella,female
Odelle,female
Odessa,female
Odetta,female
Odette,female
Odie,Male
Odilia,female
Odille,female
Odin,Male
Odysseus,Male
Ofelia,female
Ofella,female
Ofilia,female
Ola,female
Olaf,Male
Olag,Male
Ole,Male
Oleg,Male
Olenka,female
Olga,female
Olia,female
Olimpia,female
Olin,Male
Olive,female
Oliver,Male
Olivette,female
Olivia,female
Olivie,female
Olivier,Male
Oliy,female
Olle,Male
Ollie,female
Ollie,Male
Olly,female
Olva,female
Olwen,female
Olympe,female
Olympia,female
Olympie,female
Omar,Male
Ondrea,female
Oneida,female
Onida,female
Onlea,female
Oona,female
Opal,female
Opalina,female
Opaline,female
Ophelia,female
Ophelie,female
Oprah,female
Ora,female
Oral,Male
Oralee,female
Oralia,female
Oralie,female
Oralla,female
Oralle,female
Oran,Male
Orazio,Male
Orbadiah,Male
Orel,female
Orelee,female
Orelia,female
Orelie,female
Orella,female
Orelle,female
Oren,Male
Oreste,female
Oriana,female
Orin,Male
Orion,Male
Orlando,Male
Orly,female
Orren,Male
Orrin,Male
Orsa,female
Orsola,female
Orson,Male
Ortensia,female
Orton,Male
Orville,Male
Osbert,Male
Osborn,Male
Osborne,Male
Osbourn,Male
Osbourne,Male
Oscar,Male
Osgood,Male
Osmond,Male
Osmund,Male
Ossie,Male
Oswald,Male
Oswell,Male
Otes,Male
Otha,female
Othelia,female
Othella,female
Othello,Male
Othilia,female
Othilie,female
Otho,Male
Otis,Male
Ottilie,female
Otto,Male
Owen,Male
Ozzie,Male
Ozzy,Male
Pablo,Male
Pace,Male
Pacifica,female
Paco,Male
Paddie,Male
Paddy,Male
Padraig,Male
Page,female
Page,Male
Paige,female
Paige,Male
Pail,Male
Palmer,Male
Paloma,female
Pam,female
Pamela,female
Pamelina,female
Pamella,female
Pammi,female
Pammie,female
Pammy,female
Pandora,female
Pansie,female
Pansy,female
Paola,female
Paolina,female
Paolo,Male
Park,Male
Parke,Male
Parker,Male
Parnell,Male
Parrnell,Male
Parry,Male
Parsifal,Male
Partha,Male
Parwane,female
Pascal,Male
Pascale,Male
Pasquale,Male
Pat,female
Pat,Male
Pate,Male
Patel,Male
Paten,Male
Patience,female
Patin,Male
Paton,Male
Patric,Male
Patrica,female
Patrice,female
Patrice,Male
Patricia,female
Patricio,Male
Patrick,Male
Patrik,Male
Patrizia,female
Patsy,female
Patsy,Male
Patti,female
Pattie,Male
Pattie,female
Patty,Male
Patty,female
Paul,Male
Paula,female
Paula-Grace,female
Paule,female
Pauletta,female
Paulette,female
Pauli,female
Paulie,female
Paulina,female
Pauline,female
Paulita,female
Paulo,Male
Pauly,female
Pavel,Male
Pavia,female
Pavla,female
Pearce,Male
Pearl,female
Pearla,female
Pearle,female
Pearline,female
Pedro,Male
Peg,female
Pegeen,female
Peggi,female
Peggie,female
Peggy,female
Peirce,Male
Pembroke,Male
Pen,Male
Pen,female
Penelopa,female
Penelope,female
Penn,Male
Penni,female
Pennie,female
Pennie,Male
Penny,Male
Penny,female
Penrod,Male
Pepe,Male
Pepi,female
Pepillo,Male
Pepita,female
Pepito,Male
Perceval,Male
Percival,Male
Percy,Male
Peri,female
Peria,female
Perl,female
Perla,female
Perle,female
Perri,female
Perrine,female
Perry,Male
Perry,female
Persis,female
Pet,female
Peta,female
Pete,Male
Peter,Male
Petey,Male
Petr,Male
Petra,female
Petrina,female
Petronella,female
Petronia,female
Petronilla,female
Petronille,female
Petunia,female
Peyter,Male
Peyton,Male
Phaedra,female
Phaidra,female
Phebe,female
Phedra,female
Phelia,female
Phil,Male
Phil,female
Philbert,Male
Philip,Male
Philipa,female
Philippa,female
Philippe,female
Philippine,female
Philis,female
Phillida,female
Phillie,female
Phillip,Male
Phillipe,Male
Phillipp,Male
Phillis,female
Philly,female
Philomena,female
Phineas,Male
Phip,Male
Phoebe,female
Phylis,female
Phyllida,female
Phyllis,female
Phyllys,female
Phylys,female
Pia,female
Pier,female
Pierce,Male
Pierette,female
Pierre,Male
Pierrette,female
Pierson,Male
Piet,Male
Pieter,Male
Pietra,female
Pietro,Male
Piggy,Male
Pincas,Male
Pinchas,Male
Pincus,Male
Piotr,Male
Pip,Male
Piper,female
Pippa,female
Pippy,female
Plato,Male
Polly,female
Pollyanna,female
Pooh,female
Pooh,Male
Poppy,female
Porter,Male
Portia,female
Poul,Male
Powell,Male
Praneetf,Male
Prasad,Male
Prasun,Male
Prent,Male
Prentice,Male
Prentiss,Male
Prescott,Male
Preston,Male
Price,Male
Prince,Male
Pris,female
Prisca,female
Priscella,female
Priscilla,female
Prissie,female
Pru,female
Prudence,female
Prudi,female
Prudy,female
Prue,female
Prunella,female
Pryce,Male
Puff,Male
Purcell,Male
Putnam,Male
Pyotr,Male
Queada,female
Queenie,female
Quent,Male
Quentin,female
Quentin,Male
Querida,female
Quiggly,Male
Quigly,Male
Quigman,Male
Quill,Male
Quillan,Male
Quincey,Male
Quincy,Male
Quinlan,Male
Quinn,Male
Quinn,female
Quint,Male
Quinta,female
Quintana,female
Quintilla,female
Quintin,Male
Quintina,female
Quinton,Male
Quintus,Male
Rab,Male
Rabbi,Male
Rabi,Male
Rachael,female
Rachel,female
Rachele,female
Rachelle,female
Rad,Male
Radcliffe,Male
Rae,female
Raf,female
Rafa,female
Rafael,Male
Rafaela,female
Rafaelia,female
Rafaelita,female
Rafe,Male
Ragnar,Male
Ragnhild,female
Rahal,female
Rahel,female
Rahul,Male
Raimund,Male
Raina,female
Raine,female
Rainer,Male
Raj,Male
Rajeev,Male
Rakel,female
Raleigh,Male
Ralf,Male
Ralina,female
Ralph,Male
Ram,Male
Ramesh,Male
Ramon,Male
Ramona,female
Ramonda,female
Ramsay,Male
Ramsey,Male
Rana,female
Rand,Male
Randa,female
Randal,Male
Randall,Male
Randee,female
Randell,Male
Randene,female
Randi,female
Randi,Male
Randie,Male
Randie,female
Randolf,Male
Randolph,Male
Randy,Male
Randy,female
Ranee,female
Rani,female
Rania,female
Ranice,female
Ranique,female
Ranna,female
Ransell,Male
Ransom,Male
Raoul,Male
Raphael,Male
Raphaela,female
Raquel,female
Raquela,female
Rasia,female
Rasla,female
Raul,Male
Raven,female
Ravi,Male
Ravil,Male
Rawley,Male
Ray,Male
Ray,female
Raychel,female
Raye,female
Raymond,Male
Raymund,Male
Raymundo,Male
Rayna,female
Raynard,Male
Raynell,female
Rayner,Male
Raynor,Male
Rayshell,female
Rea,female
Reagan,Male
Reba,female
Rebbecca,female
Rebe,female
Rebeca,female
Rebecca,female
Rebecka,female
Rebeka,female
Rebekah,female
Rebekkah,female
Red,Male
Redford,Male
Redmond,Male
Ree,female
Reeba,female
Reece,Male
Reed,Male
Reena,female
Rees,Male
Reese,Male
Reeta,female
Reeva,female
Reg,Male
Regan,female
Regan,Male
Regen,Male
Reggi,female
Reggie,female
Reggie,Male
Reggis,Male
Reggy,Male
Regina,female
Reginald,Male
Reginauld,Male
Regine,female
Reid,Male
Reiko,female
Reilly,Male
Reina,female
Reine,female
Reinhard,Male
Reinhold,Male
Rem,Male
Remington,Male
Remus,Male
Remy,female
Rena,female
Renado,Male
Renae,female
Renaldo,Male
Renard,Male
Renata,female
Renate,female
Renato,Male
Renaud,Male
Renault,Male
Rene,female
Rene,Male
Renee,female
Renel,female
Renell,female
Renelle,female
Renie,female
Rennie,female
Reta,female
Retha,female
Reube,Male
Reuben,Male
Reuven,Male
Revkah,female
Rex,Male
Rey,Male
Rey,female
Reyna,female
Reynard,Male
Reynold,Male
Reynolds,Male
Reza,Male
Rhea,female
Rheba,female
Rheta,female
Rhett,Male
Rhetta,female
Rhiamon,female
Rhianna,female
Rhianon,female
Rhoda,female
Rhodia,female
Rhodie,female
Rhody,female
Rhona,female
Rhonda,female
Riane,female
Riannon,female
Rianon,female
Ric,Male
Rica,female
Ricard,Male
Ricardo,Male
Ricca,female
Riccardo,Male
Rice,Male
Rich,Male
Richard,Male
Richardo,Male
Richie,Male
Richmond,Male
Richy,Male
Rici,female
Rick,Male
Rickard,Male
Rickey,Male
Ricki,female
Ricki,Male
Rickie,female
Rickie,Male
Ricky,Male
Ricky,female
Rik,Male
Riki,female
Rikki,female
Rikki,Male
Riley,Male
Rina,female
Rinaldo,Male
Ripley,Male
Risa,female
Rissa,female
Rita,female
Ritch,Male
Ritchie,Male
Riva,female
Rivalee,female
Rivi,female
Rivkah,female
Rivy,female
Roana,female
Roanna,female
Roanne,female
Roarke,Male
Rob,Male
Robb,Male
Robbert,Male
Robbi,female
Robbie,female
Robbie,Male
Robbin,female
Robby,female
Robbyn,female
Robena,female
Robenia,female
Robert,Male
Roberta,female
Roberto,Male
Robin,Male
Robin,female
Robina,female
Robinet,female
Robinett,female
Robinetta,female
Robinette,female
Robinia,female
Robinson,Male
Roby,female
Robyn,female
Roch,female
Rochell,female
Rochella,female
Rochelle,female
Rochester,Male
Rochette,female
Rock,Male
Rockwell,Male
Rocky,Male
Rod,Male
Roda,female
Rodd,Male
Roddie,Male
Roddy,Male
Roderic,Male
Roderich,Male
Roderick,Male
Roderigo,Male
Rodge,Male
Rodger,Male
Rodi,female
Rodie,female
Rodina,female
Rodney,Male
Rodolfo,Male
Rodolph,Male
Rodolphe,Male
Rodrick,Male
Rodrigo,Male
Rodrique,Male
Rog,Male
Roger,Male
Rogers,Male
Roice,Male
Roland,Male
Rolando,Male
Rolf,Male
Rolfe,Male
Rolland,Male
Rollin,Male
Rollins,Male
Rollo,Male
Rolph,Male
Romain,Male
Roman,Male
Romeo,Male
Romola,female
Romona,female
Romonda,female
Romy,female
Ron,Male
Rona,female
Ronald,Male
Ronalda,female
Ronda,female
Ronen,Male
Roni,Male
Ronica,female
Ronna,female
Ronni,female
Ronnica,female
Ronnie,Male
Ronnie,female
Ronny,female
Ronny,Male
Roobbie,female
Roosevelt,Male
Rora,female
Rori,female
Rorie,female
Rory,Male
Rory,female
Ros,female
Rosa,female
Rosabel,female
Rosabella,female
Rosabelle,female
Rosaleen,female
Rosalia,female
Rosalie,female
Rosalind,female
Rosalinda,female
Rosalinde,female
Rosaline,female
Rosalyn,female
Rosalynd,female
Rosamond,female
Rosamund,female
Rosana,female
Rosanna,female
Rosanne,female
Rosario,female
Roscoe,Male
Rose,female
Roseann,female
Roseanna,female
Roseanne,female
Roselia,female
Roselin,female
Roseline,female
Rosella,female
Roselle,female
Roselyn,female
Rosemaria,female
Rosemarie,female
Rosemary,female
Rosemonde,female
Rosene,female
Rosetta,female
Rosette,female
Roshelle,female
Rosie,female
Rosina,female
Rosita,female
Roslyn,female
Rosmunda,female
Ross,Male
Rosy,female
Roth,Male
Rourke,Male
Row,female
Rowe,female
Rowena,female
Rowland,Male
Roxana,female
Roxane,female
Roxanna,female
Roxanne,female
Roxi,female
Roxie,female
Roxine,female
Roxy,female
Roy,Male
Royal,Male
Royce,Male
Roz,female
Rozalie,female
Rozalin,female
Rozamond,female
Rozanna,female
Rozanne,female
Roze,female
Rozele,female
Rozella,female
Rozelle,female
Rozina,female
Rube,Male
Ruben,Male
Rubetta,female
Rubi,female
Rubia,female
Rubie,female
Rubin,Male
Rubina,female
Ruby,female
Ruby,Male
Rudd,Male
Ruddie,Male
Ruddy,Male
Rudie,Male
Rudiger,Male
Rudolf,Male
Rudolfo,Male
Rudolph,Male
Rudy,Male
Rudyard,Male
Ruella,female
Rufe,Male
Rufus,Male
Rupert,Male
Ruperta,female
Ruperto,Male
Russ,Male
Russel,Male
Russell,Male
Rustie,Male
Rustin,Male
Rusty,Male
Rutger,Male
Ruth,female
Ruthann,female
Ruthanne,female
Ruthe,female
Rutherford,Male
Ruthi,female
Ruthie,female
Ruthy,female
Rutledge,Male
Rutter,Male
Ryan,Male
Ryann,female
Rycca,female
Saba,female
Sabina,female
Sabine,female
Sabra,female
Sabrina,female
Sacha,female
Sada,female
Sadella,female
Sadie,female
Sal,Male
Sal,female
Salem,Male
Salim,Male
Sallee,female
Salli,female
Sallie,female
Sally,female
Sallyann,female
Sallyanne,female
Salman,Male
Salmon,Male
Salome,female
Salomo,Male
Salomon,Male
Salomone,Male
Salvador,Male
Salvatore,Male
Salvidor,Male
Sam,female
Sam,Male
Samantha,female
Samara,female
Samaria,female
Sammie,Male
Sammy,female
Sammy,Male
Sampson,Male
Samson,Male
Samuel,Male
Samuela,female
Samuele,Male
Samuella,female
Sancho,Male
Sande,female
Sander,Male
Sanders,Male
Sanderson,Male
Sandi,female
Sandie,female
Sandor,Male
Sandra,female
Sandro,Male
Sandy,female
Sandy,Male
Sandye,female
Sanford,Male
Sanson,Male
Sansone,Male
Sapphira,female
Sapphire,female
Sara,female
Sara-Ann,female
Saraann,female
Sarah,female
Sarajane,female
Saree,female
Sarena,female
Sarene,female
Sarette,female
Sarge,Male
Sargent,Male
Sari,female
Sarina,female
Sarine,female
Sarita,female
Sascha,Male
Sascha,female
Sasha,female
Sasha,Male
Sashenka,female
Saudra,female
Saul,Male
Sauncho,Male
Saunder,Male
Saunders,Male
Saunderson,Male
Saundra,female
Saundra,Male
Savina,female
Saw,Male
Sawyer,Male
Sawyere,Male
Sax,Male
Saxe,Male
Saxon,Male
Say,Male
Sayer,Male
Sayers,Male
Sayre,Male
Sayre,female
Sayres,Male
Scarface,Male
Scarlet,female
Scarlett,female
Schroeder,Male
Schuyler,Male
Scot,Male
Scott,Male
Scotti,Male
Scottie,Male
Scotty,female
Scotty,Male
Seamus,Male
Sean,Male
Sean,female
Seana,female
Sebastian,Male
Sebastiano,Male
Sebastien,Male
Secunda,female
See,Male
Seka,female
Sela,female
Selby,Male
Selena,female
Selene,female
Selestina,female
Selia,female
Selie,female
Selig,Male
Selina,female
Selinda,female
Seline,female
Sella,female
Selle,female
Selma,female
Sena,female
Sephira,female
Serena,female
Serene,female
Serge,Male
Sergeant,Male
Sergei,Male
Sergent,Male
Sergio,Male
Seth,Male
Seymour,Male
Shadow,Male
Shaina,female
Shaine,Male
Shaine,female
Shalna,female
Shalne,female
Shalom,Male
Shamit,female
Shamus,Male
Shana,female
Shanan,Male
Shanda,female
Shandee,female
Shandie,female
Shandra,female
Shandy,female
Shane,female
Shane,Male
Shani,female
Shanie,female
Shanna,female
Shannah,female
Shannan,Male
Shannen,female
Shannon,female
Shannon,Male
Shanon,female
Shanta,female
Shantee,female
Shara,female
Sharai,female
Shari,female
Sharia,female
Sharie,female
Sharity,female
Sharl,female
Sharla,female
Sharleen,female
Sharlene,female
Sharline,female
Sharna,female
Sharon,female
Sharona,female
Sharra,female
Sharron,female
Sharyl,female
Shaughn,Male
Shaun,female
Shaun,Male
Shauna,female
Shaw,Male
Shawn,Male
Shawn,female
Shawna,female
Shawnee,female
Shay,female
Shay,Male
Shayla,female
Shaylah,female
Shaylyn,female
Shaylynn,female
Shayna,female
Shayne,female
Shayne,Male
Shea,Male
Shea,female
Sheba,female
Sheela,female
Sheelagh,female
Sheelah,female
Sheena,female
Sheeree,female
Sheff,Male
Sheffie,Male
Sheffield,Male
Sheffy,Male
Sheila,female
Sheila-Kathryn,female
Sheilah,female
Sheilakathryn,female
Shel,female
Shela,female
Shelagh,female
Shelba,female
Shelbi,female
Shelby,female
Shelby,Male
Shelden,Male
Sheldon,Male
Shelia,female
Shell,Male
Shell,female
Shelley,female
Shelley,Male
Shelli,female
Shellie,female
Shelly,female
Shelton,Male
Shem,Male
Shena,female
Shep,Male
Shepard,Male
Shepherd,Male
Sheppard,Male
Shepperd,Male
Sher,female
Sheree,female
Sheri,female
Sheridan,Male
Sherie,female
Sheril,female
Sherill,female
Sherilyn,female
Sherline,female
Sherlock,Male
Sherlocke,Male
Sherman,Male
Sherri,female
Sherrie,female
Sherry,female
Sherwin,Male
Sherwood,Male
Sherwynd,Male
Sherye,female
Sheryl,female
Shilpa,female
Shimon,Male
Shina,female
Shir,female
Shira,female
Shirah,female
Shirl,female
Shirlee,female
Shirleen,female
Shirlene,female
Shirley,female
Shirline,female
Shlomo,Male
Sholom,Male
Shorty,Male
Shoshana,female
Shoshanna,female
Shoshie,female
Shumeet,Male
Shurlock,Male
Shurlocke,Male
Shurwood,Male
Si,Male
Siana,female
Sianna,female
Sib,female
Sibbie,female
Sibby,female
Sibeal,female
Sibel,female
Sibella,female
Sibelle,female
Sibilla,female
Sibley,female
Sibyl,Male
Sibyl,female
Sibylla,female
Sibylle,female
Sid,Male
Siddhartha,Male
Sidnee,Male
Sidney,Male
Sidoney,female
Sidonia,female
Sidonnie,female
Siegfried,Male
Siffre,Male
Sig,Male
Sigfrid,Male
Sigfried,Male
Sigmund,Male
Sigrid,female
Silas,Male
Sile,female
Sileas,female
Silva,female
Silvain,Male
Silvan,Male
Silvana,female
Silvano,Male
Silvanus,Male
Silvester,Male
Silvia,female
Silvie,female
Silvio,Male
Sim,Male
Simeon,Male
Simmonds,Male
Simon,Male
Simona,female
Simone,Male
Simone,female
Simonette,female
Simonne,female
Sinclair,Male
Sinclare,Male
Sindee,female
Sinead,female
Siobhan,female
Sioux,female
Siouxie,female
Sisely,female
Sisile,female
Sissie,female
Sissy,female
Sivert,Male
Siward,Male
Skell,Male
Skelly,Male
Skip,Male
Skipp,Male
Skipper,Male
Skippie,Male
Skippy,Male
Skipton,Male
Sky,Male
Skye,Male
Skylar,Male
Skyler,Male
Slade,Male
Slim,Male
Sloan,Male
Sloane,Male
Sly,Male
Smith,Male
Smitty,Male
Socrates,Male
Sofia,female
Sofie,female
Sol,Male
Solange,female
Sollie,Male
Solly,Male
Solomon,Male
Somerset,Male
Son,Male
Sondra,female
Sonia,female
Sonja,female
Sonni,female
Sonnie,female
Sonnie,Male
Sonnnie,female
Sonny,Male
Sonny,female
Sonya,female
Sophey,female
Sophi,female
Sophia,female
Sophie,female
Sophronia,female
Sorcha,female
Sosanna,female
Sparky,Male
Spence,Male
Spencer,Male
Spense,Male
Spenser,Male
Spike,Male
Spiro,Male
Spiros,Male
Spud,Male
Srinivas,Male
Stace,female
Stacee,female
Stacey,female
Staci,female
Stacia,female
Stacie,female
Stacy,Male
Stacy,female
Stafani,female
Staffard,Male
Stafford,Male
Staford,Male
Stan,Male
Standford,Male
Stanfield,Male
Stanford,Male
Stanislaw,Male
Stanleigh,Male
Stanley,Male
Stanly,Male
Stanton,Male
Stanwood,Male
Star,female
Starla,female
Starlene,female
Starlin,female
Starr,female
Stavros,Male
Stearn,Male
Stearne,Male
Stefa,female
Stefan,Male
Stefania,female
Stefanie,female
Stefano,Male
Steffane,female
Steffen,Male
Steffi,female
Steffie,female
Stella,female
Stepha,female
Stephan,Male
Stephana,female
Stephani,female
Stephanie,female
Stephannie,female
Stephanus,Male
Stephen,Male
Stephenie,female
Stephi,female
Stephie,female
Stephine,female
Sterling,Male
Stern,Male
Sterne,Male
Stesha,female
Stevana,female
Steve,Male
Steven,Male
Stevena,female
Stevie,Male
Stevy,Male
Stew,Male
Steward,Male
Stewart,Male
Stig,Male
Stillman,Male
Stillmann,Male
Sting,Male
Stinky,Male
Stirling,Male
Stoddard,female
Storey,female
Storm,female
Stormi,female
Stormie,female
Stormy,female
Stu,Male
Stuart,Male
Sturgis,Male
Sullivan,Male
Sully,Male
Sumner,Male
Sunny,Male
Sutherland,Male
Sutton,Male
Sven,Male
Swen,Male
Syd,Male
Sydney,Male
Sylvan,Male
Sylvester,Male
Tab,Male
Tabb,Male
Tabbie,Male
Tabby,Male
Taber,Male
Tabor,Male
Tad,Male
Tadd,Male
Taddeo,Male
Taddeus,Male
Tadeas,Male
Tailor,Male
Tait,Male
Taite,Male
Talbert,Male
Talbot,Male
Tallie,Male
Tally,Male
Tam,Male
Tamas,Male
Tammie,Male
Tammy,Male
Tan,Male
Tann,Male
Tanner,Male
Tanney,Male
Tannie,Male
Tanny,Male
Tarrance,Male
Tarrant,Male
Tarzan,Male
Tate,Male
Taylor,Male
Teador,Male
Ted,Male
Tedd,Male
Teddie,Male
Teddy,Male
Tedie,Male
Tedman,Male
Tedmund,Male
Tedrick,Male
Temp,Male
Temple,Male
Templeton,Male
Teodoor,Male
Teodor,Male
Teodorico,Male
Teodoro,Male
Terence,Male
Terencio,Male
Terrance,Male
Terrel,Male
Terrell,Male
Terrence,Male
Terri,Male
Terrill,Male
Terry,Male
Thacher,Male
Thad,Male
Thaddeus,Male
Thaddius,Male
Thaddus,Male
Thadeus,Male
Thain,Male
Thaine,Male
Thane,Male
Tharen,Male
Thatch,Male
Thatcher,Male
Thaxter,Male
Thayne,Male
Thebault,Male
Thedric,Male
Thedrick,Male
Theo,Male
Theobald,Male
Theodor,Male
Theodore,Male
Theodoric,Male
Theophyllus,Male
Thibaud,Male
Thibaut,Male
Thom,Male
Thomas,Male
Thor,Male
Thorn,Male
Thorndike,Male
Thornie,Male
Thornton,Male
Thorny,Male
Thorpe,Male
Thorstein,Male
Thorsten,Male
Thorvald,Male
Thurstan,Male
Thurston,Male
Tibold,Male
Tiebold,Male
Tiebout,Male
Tiler,Male
Tim,Male
Timmie,Male
Timmy,Male
Timothee,Male
Timotheus,Male
Timothy,Male
Tirrell,Male
Tito,Male
Titos,Male
Titus,Male
Tobe,Male
Tobiah,Male
Tobias,Male
Tobie,Male
Tobin,Male
Tobit,Male
Toby,Male
Tod,Male
Todd,Male
Toddie,Male
Toddy,Male
Tom,Male
Tomas,Male
Tome,Male
Tomkin,Male
Tomlin,Male
Tommie,Male
Tommy,Male
Tonnie,Male
Tony,Male
Tore,Male
Torey,Male
Torin,Male
Torr,Male
Torrance,Male
Torre,Male
Torrence,Male
Torrey,Male
Torrin,Male
Torry,Male
Town,Male
Towney,Male
Townie,Male
Townsend,Male
Towny,Male
Trace,Male
Tracey,Male
Tracie,Male
Tracy,Male
Traver,Male
Travers,Male
Travis,Male
Tray,Male
Tre,Male
Tremain,Male
Tremaine,Male
Tremayne,Male
Trent,Male
Trenton,Male
Trev,Male
Trevar,Male
Trever,Male
Trevor,Male
Trey,Male
Trip,Male
Tristan,Male
Troy,Male
Truman,Male
Tuck,Male
Tucker,Male
Tuckie,Male
Tucky,Male
Tudor,Male
Tull,Male
Tulley,Male
Tully,Male
Turner,Male
Ty,Male
Tybalt,Male
Tye,Male
Tyler,Male
Tymon,Male
Tymothy,Male
Tynan,Male
Tyrone,Male
Tyrus,Male
Tyson,Male
Udale,Male
Udall,Male
Udell,Male
Ugo,Male
Ulberto,Male
Uli,Male
Ulick,Male
Ulises,Male
Ulric,Male
Ulrich,Male
Ulrick,Male
Ulysses,Male
Umberto,Male
Upton,Male
Urbain,Male
Urban,Male
Urbano,Male
Urbanus,Male
Uri,Male
Uriah,Male
Uriel,Male
Urson,Male
Vachel,Male
Vaclav,Male
Vail,Male
Val,Male
Valdemar,Male
Vale,Male
Valentin,Male
Valentine,Male
Van,Male
Vance,Male
Vasili,Male
Vasilis,Male
Vasily,Male
Vassili,Male
Vassily,Male
Vaughan,Male
Vaughn,Male
Venkat,Male
Verge,Male
Vergil,Male
Vern,Male
Verne,Male
Vernen,Male
Verney,Male
Vernon,Male
Vernor,Male
Vibhu,Male
Vic,Male
Vick,Male
Victor,Male
Vijay,Male
Vilhelm,Male
Vin,Male
Vince,Male
Vincent,Male
Vincents,Male
Vinnie,Male
Vinny,Male
Vinod,Male
Virge,Male
Virgie,Male
Virgil,Male
Virgilio,Male
Vite,Male
Vito,Male
Vlad,Male
Vladamir,Male
Vladimir,Male
Voltaire,Male
Von,Male
Wade,Male
Wadsworth,Male
Wain,Male
Waine,Male
Wainwright,Male
Wait,Male
Waite,Male
Waiter,Male
Wake,Male
Wakefield,Male
Wald,Male
Waldemar,Male
Walden,Male
Waldo,Male
Waldon,Male
Waleed,Male
Walker,Male
Wallace,Male
Wallache,Male
Wallas,Male
Wallie,Male
Wallis,Male
Wally,Male
Walsh,Male
Walt,Male
Walter,Male
Walther,Male
Walton,Male
Wang,Male
Ward,Male
Warde,Male
Warden,Male
Ware,Male
Waring,Male
Warner,Male
Warren,Male
Wash,Male
Washington,Male
Wat,Male
Waverley,Male
Waverly,Male
Way,Male
Waylan,Male
Wayland,Male
Waylen,Male
Waylin,Male
Waylon,Male
Wayne,Male
Web,Male
Webb,Male
Weber,Male
Webster,Male
Weidar,Male
Weider,Male
Welbie,Male
Welby,Male
Welch,Male
Wells,Male
Welsh,Male
Wendall,Male
Wendel,Male
Wendell,Male
Werner,Male
Wes,Male
Wesley,Male
Weslie,Male
West,Male
Westbrook,Male
Westbrooke,Male
Westleigh,Male
Westley,Male
Weston,Male
Weylin,Male
Wheeler,Male
Whit,Male
Whitaker,Male
Whitby,Male
Whitman,Male
Whitney,Male
Whittaker,Male
Wiatt,Male
Wilber,Male
Wilbert,Male
Wilbur,Male
Wilburn,Male
Wilburt,Male
Wilden,Male
Wildon,Male
Wilek,Male
Wiley,Male
Wilfred,Male
Wilfrid,Male
Wilhelm,Male
Will,Male
Willard,Male
Willdon,Male
Willem,Male
Willey,Male
Willi,Male
William,Male
Willie,Male
Willis,Male
Willmott,Male
Willy,Male
Wilmar,Male
Wilmer,Male
Wilson,Male
Wilt,Male
Wilton,Male
Win,Male
Windham,Male
Winfield,Male
Winford,Male
Winfred,Male
Winifield,Male
Winn,Male
Winnie,Male
Winny,Male
Winslow,Male
Winston,Male
Winthrop,Male
Winton,Male
Wit,Male
Witold,Male
Wittie,Male
Witty,Male
Wojciech,Male
Wolf,Male
Wolfgang,Male
Wolfie,Male
Wolfram,Male
Wolfy,Male
Woochang,Male
Wood,Male
Woodie,Male
Woodman,Male
Woodrow,Male
Woody,Male
Worden,Male
Worth,Male
Worthington,Male
Worthy,Male
Wright,Male
Wyatan,Male
Wyatt,Male
Wye,Male
Wylie,Male
Wyn,Male
Wyndham,Male
Wynn,Male
Wynton,Male
Xavier,Male
Xenos,Male
Xerxes,Male
Xever,Male
Ximenes,Male
Ximenez,Male
Xymenes,Male
Yaakov,Male
Yacov,Male
Yale,Male
Yanaton,Male
Yance,Male
Yancey,Male
Yancy,Male
Yank,Male
Yankee,Male
Yard,Male
Yardley,Male
Yehudi,Male
Yigal,Male
Yule,Male
Yuri,Male
Yves,Male
Zach,Male
Zacharia,Male
Zachariah,Male
Zacharias,Male
Zacharie,Male
Zachary,Male
Zacherie,Male
Zachery,Male
Zack,Male
Zackariah,Male
Zak,Male
Zalman,Male
Zane,Male
Zared,Male
Zary,Male
Zeb,Male
Zebadiah,Male
Zebedee,Male
Zebulen,Male
Zebulon,Male
Zechariah,Male
Zed,Male
Zedekiah,Male
Zeke,Male
Zelig,Male
Zerk,Male
Zeus,Male
Zippy,Male
Zollie,Male
Zolly,Male
Zorro,Male
